time,num_rows,first_label,last_label,unique_labels,delta_from_prev,is_integer_time
1676061016.0,32,None,None,1,,True
1676061017.0,32,None,None,1,1.0,True
1676061018.0,32,None,None,1,1.0,True
1676061019.0,32,None,None,1,1.0,True
1676061020.0,32,None,None,1,1.0,True
1676061021.0,32,None,None,1,1.0,True
1676061022.0,32,None,None,1,1.0,True
1676061023.0,32,None,None,1,1.0,True
1676061024.0,32,None,None,1,1.0,True
1676061025.0,32,None,None,1,1.0,True
1676061026.0,32,None,None,1,1.0,True
1676061027.0,32,None,None,1,1.0,True
1676061028.0,32,None,None,1,1.0,True
1676061029.0,32,None,None,1,1.0,True
1676061030.0,32,None,None,1,1.0,True
1676061031.0,32,None,None,1,1.0,True
1676061032.0,32,None,None,1,1.0,True
1676061033.0,32,None,None,1,1.0,True
1676061034.0,32,None,None,1,1.0,True
1676061035.0,32,None,None,1,1.0,True
1676061036.0,32,None,None,1,1.0,True
1676061037.0,32,None,None,1,1.0,True
1676061038.0,32,None,None,1,1.0,True
1676061039.0,32,None,None,1,1.0,True
1676061040.0,32,None,None,1,1.0,True
1676061041.0,32,None,None,1,1.0,True
1676061042.0,32,None,None,1,1.0,True
1676061043.0,32,None,None,1,1.0,True
1676061044.0,32,None,None,1,1.0,True
1676061045.0,32,None,None,1,1.0,True
1676061046.0,32,None,None,1,1.0,True
1676061047.0,32,None,None,1,1.0,True
1676061048.0,32,None,None,1,1.0,True
1676061049.0,32,None,None,1,1.0,True
1676061050.0,32,None,None,1,1.0,True
1676061051.0,32,None,None,1,1.0,True
1676061052.0,32,None,None,1,1.0,True
1676061053.0,32,None,None,1,1.0,True
1676061054.0,32,None,None,1,1.0,True
1676061055.0,32,None,None,1,1.0,True
1676061056.0,32,None,None,1,1.0,True
1676061057.0,32,None,None,1,1.0,True
1676061058.0,32,None,None,1,1.0,True
1676061059.0,32,None,None,1,1.0,True
1676061060.0,32,None,None,1,1.0,True
1676061061.0,32,None,None,1,1.0,True
1676061062.0,32,None,None,1,1.0,True
1676061063.0,32,None,None,1,1.0,True
1676061064.0,32,None,None,1,1.0,True
1676061065.0,32,None,None,1,1.0,True
1676061066.0,32,None,None,1,1.0,True
1676061067.0,32,None,None,1,1.0,True
1676061068.0,32,None,None,1,1.0,True
1676061069.0,32,None,None,1,1.0,True
1676061070.0,32,None,None,1,1.0,True
1676061071.0,32,None,None,1,1.0,True
1676061072.0,32,None,None,1,1.0,True
1676061073.0,32,None,None,1,1.0,True
1676061074.0,32,None,None,1,1.0,True
1676061075.0,32,None,None,1,1.0,True
1676061076.0,32,None,None,1,1.0,True
1676061077.0,32,None,None,1,1.0,True
1676061078.0,32,None,None,1,1.0,True
1676061079.0,32,None,None,1,1.0,True
1676061080.0,32,None,None,1,1.0,True
1676061081.0,32,None,None,1,1.0,True
1676061082.0,32,None,None,1,1.0,True
1676061083.0,32,None,None,1,1.0,True
1676061084.0,32,None,None,1,1.0,True
1676061085.0,32,None,None,1,1.0,True
1676061086.0,32,None,None,1,1.0,True
1676061087.0,32,None,None,1,1.0,True
1676061088.0,32,None,None,1,1.0,True
1676061089.0,32,None,None,1,1.0,True
1676061090.0,32,None,None,1,1.0,True
1676061091.0,32,None,None,1,1.0,True
1676061092.0,32,None,None,1,1.0,True
1676061093.0,32,None,None,1,1.0,True
1676061094.0,32,None,None,1,1.0,True
1676061095.0,32,None,None,1,1.0,True
1676061096.0,32,None,None,1,1.0,True
1676061097.0,32,None,None,1,1.0,True
1676061098.0,32,None,None,1,1.0,True
1676061099.0,32,None,None,1,1.0,True
1676061100.0,32,None,None,1,1.0,True
1676061101.0,32,None,None,1,1.0,True
1676061102.0,32,None,None,1,1.0,True
1676061103.0,32,None,None,1,1.0,True
1676061104.0,32,None,None,1,1.0,True
1676061105.0,32,None,None,1,1.0,True
1676061106.0,32,None,None,1,1.0,True
1676061107.0,32,None,None,1,1.0,True
1676061108.0,32,None,None,1,1.0,True
1676061109.0,32,None,None,1,1.0,True
1676061110.0,32,None,None,1,1.0,True
1676061111.0,32,None,None,1,1.0,True
1676061112.0,32,None,None,1,1.0,True
1676061113.0,32,None,None,1,1.0,True
1676061114.0,32,None,None,1,1.0,True
1676061115.0,32,None,None,1,1.0,True
1676061116.0,32,None,None,1,1.0,True
1676061117.0,32,None,None,1,1.0,True
1676061118.0,32,None,None,1,1.0,True
1676061119.0,32,None,None,1,1.0,True
1676061120.0,32,None,None,1,1.0,True
1676061121.0,32,None,None,1,1.0,True
1676061122.0,32,None,None,1,1.0,True
1676061123.0,32,None,None,1,1.0,True
1676061124.0,32,None,None,1,1.0,True
1676061125.0,32,None,None,1,1.0,True
1676061126.0,32,None,None,1,1.0,True
1676061127.0,32,None,None,1,1.0,True
1676061128.0,32,None,None,1,1.0,True
1676061129.0,32,None,None,1,1.0,True
1676061130.0,32,None,None,1,1.0,True
1676061131.0,32,None,None,1,1.0,True
1676061132.0,32,None,None,1,1.0,True
1676061133.0,32,None,None,1,1.0,True
1676061134.0,32,None,None,1,1.0,True
1676061135.0,32,None,None,1,1.0,True
1676061136.0,32,None,None,1,1.0,True
1676061137.0,32,None,None,1,1.0,True
1676061138.0,32,None,None,1,1.0,True
1676061139.0,32,None,None,1,1.0,True
1676061140.0,32,None,None,1,1.0,True
1676061141.0,32,None,None,1,1.0,True
1676061142.0,32,None,None,1,1.0,True
1676061143.0,32,None,None,1,1.0,True
1676061144.0,32,None,None,1,1.0,True
1676061145.0,32,None,None,1,1.0,True
1676061146.0,32,None,None,1,1.0,True
1676061147.0,32,None,None,1,1.0,True
1676061148.0,32,None,None,1,1.0,True
1676061149.0,32,None,None,1,1.0,True
1676061150.0,32,None,None,1,1.0,True
1676061151.0,32,None,None,1,1.0,True
1676061152.0,32,None,None,1,1.0,True
1676061153.0,32,None,None,1,1.0,True
1676061154.0,32,None,None,1,1.0,True
1676061155.0,32,None,None,1,1.0,True
1676061156.0,32,None,None,1,1.0,True
1676061157.0,32,None,None,1,1.0,True
1676061158.0,32,None,None,1,1.0,True
1676061159.0,32,None,None,1,1.0,True
1676061160.0,32,None,None,1,1.0,True
1676061161.0,32,None,None,1,1.0,True
1676061162.0,32,None,None,1,1.0,True
1676061163.0,32,None,None,1,1.0,True
1676061164.0,32,None,None,1,1.0,True
1676061165.0,32,None,None,1,1.0,True
1676061166.0,32,None,None,1,1.0,True
1676061167.0,32,None,None,1,1.0,True
1676061168.0,32,None,None,1,1.0,True
1676061169.0,32,None,None,1,1.0,True
1676061170.0,32,None,None,1,1.0,True
1676061171.0,32,None,None,1,1.0,True
1676061172.0,32,None,None,1,1.0,True
1676061173.0,32,None,None,1,1.0,True
1676061174.0,32,None,None,1,1.0,True
1676061175.0,32,None,None,1,1.0,True
1676061176.0,32,None,None,1,1.0,True
1676061177.0,32,None,None,1,1.0,True
1676061178.0,32,None,None,1,1.0,True
1676061179.0,32,None,None,1,1.0,True
1676061180.0,32,None,None,1,1.0,True
1676061181.0,32,None,None,1,1.0,True
1676061182.0,32,None,None,1,1.0,True
1676061183.0,32,None,None,1,1.0,True
1676061184.0,32,None,None,1,1.0,True
1676061185.0,32,None,None,1,1.0,True
1676061186.0,32,None,None,1,1.0,True
1676061187.0,32,None,None,1,1.0,True
1676061188.0,32,None,None,1,1.0,True
1676061189.0,32,None,None,1,1.0,True
1676061190.0,32,None,None,1,1.0,True
1676061191.0,32,None,None,1,1.0,True
1676061192.0,32,None,None,1,1.0,True
1676061193.0,32,None,None,1,1.0,True
1676061194.0,32,None,None,1,1.0,True
1676061195.0,32,None,None,1,1.0,True
1676061196.0,32,None,None,1,1.0,True
1676061197.0,32,None,None,1,1.0,True
1676061198.0,32,None,None,1,1.0,True
1676061199.0,32,None,None,1,1.0,True
1676061200.0,32,None,None,1,1.0,True
1676061201.0,32,None,None,1,1.0,True
1676061202.0,32,None,None,1,1.0,True
1676061203.0,32,None,None,1,1.0,True
1676061204.0,32,None,None,1,1.0,True
1676061205.0,32,None,None,1,1.0,True
1676061206.0,32,None,None,1,1.0,True
1676061207.0,32,None,None,1,1.0,True
1676061208.0,32,None,None,1,1.0,True
1676061209.0,32,None,None,1,1.0,True
1676061210.0,32,None,None,1,1.0,True
1676061211.0,32,None,None,1,1.0,True
1676061212.0,32,None,None,1,1.0,True
1676061213.0,32,None,None,1,1.0,True
1676061214.0,32,None,None,1,1.0,True
1676061215.0,32,None,None,1,1.0,True
1676061216.0,32,None,None,1,1.0,True
1676061217.0,32,None,None,1,1.0,True
1676061218.0,32,None,None,1,1.0,True
1676061219.0,32,None,None,1,1.0,True
1676061220.0,32,None,None,1,1.0,True
1676061221.0,32,None,None,1,1.0,True
1676061222.0,32,None,None,1,1.0,True
1676061223.0,32,None,None,1,1.0,True
1676061224.0,32,None,None,1,1.0,True
1676061225.0,32,None,None,1,1.0,True
1676061226.0,32,None,None,1,1.0,True
1676061227.0,32,None,None,1,1.0,True
1676061228.0,32,None,None,1,1.0,True
1676061229.0,32,None,None,1,1.0,True
1676061230.0,32,None,None,1,1.0,True
1676061231.0,32,None,None,1,1.0,True
1676061232.0,32,None,None,1,1.0,True
1676061233.0,32,None,None,1,1.0,True
1676061234.0,32,None,None,1,1.0,True
1676061235.0,32,None,None,1,1.0,True
1676061236.0,32,None,None,1,1.0,True
1676061237.0,32,None,None,1,1.0,True
1676061238.0,32,None,None,1,1.0,True
1676061239.0,32,None,None,1,1.0,True
1676061240.0,32,None,None,1,1.0,True
1676061241.0,32,None,None,1,1.0,True
1676061242.0,32,None,None,1,1.0,True
1676061243.0,32,None,None,1,1.0,True
1676061244.0,32,None,None,1,1.0,True
1676061245.0,32,None,None,1,1.0,True
1676061246.0,32,None,None,1,1.0,True
1676061247.0,32,None,None,1,1.0,True
1676061248.0,32,None,None,1,1.0,True
1676061249.0,32,None,None,1,1.0,True
1676061250.0,32,None,None,1,1.0,True
1676061251.0,32,None,None,1,1.0,True
1676061252.0,32,None,None,1,1.0,True
1676061253.0,32,None,None,1,1.0,True
1676061254.0,32,None,None,1,1.0,True
1676061255.0,32,None,None,1,1.0,True
1676061256.0,32,None,None,1,1.0,True
1676061257.0,32,None,None,1,1.0,True
1676061258.0,32,None,None,1,1.0,True
1676061259.0,32,None,None,1,1.0,True
1676061260.0,32,None,None,1,1.0,True
1676061261.0,32,None,None,1,1.0,True
1676061262.0,32,None,None,1,1.0,True
1676061263.0,32,None,None,1,1.0,True
1676061264.0,32,None,None,1,1.0,True
1676061265.0,32,None,None,1,1.0,True
1676061266.0,32,None,None,1,1.0,True
1676061267.0,32,None,None,1,1.0,True
1676061268.0,32,None,None,1,1.0,True
1676061269.0,32,None,None,1,1.0,True
1676061270.0,32,None,None,1,1.0,True
1676061271.0,32,None,None,1,1.0,True
1676061272.0,32,None,None,1,1.0,True
1676061273.0,32,None,None,1,1.0,True
1676061274.0,32,None,None,1,1.0,True
1676061275.0,32,None,None,1,1.0,True
1676061276.0,32,None,None,1,1.0,True
1676061277.0,32,None,None,1,1.0,True
1676061278.0,32,None,None,1,1.0,True
1676061279.0,32,None,None,1,1.0,True
1676061280.0,32,None,None,1,1.0,True
1676061281.0,32,None,None,1,1.0,True
1676061282.0,32,None,None,1,1.0,True
1676061283.0,32,None,None,1,1.0,True
1676061284.0,32,None,None,1,1.0,True
1676061285.0,32,None,None,1,1.0,True
1676061286.0,32,None,None,1,1.0,True
1676061287.0,32,None,None,1,1.0,True
1676061288.0,32,None,None,1,1.0,True
1676061289.0,32,None,None,1,1.0,True
1676061290.0,32,None,None,1,1.0,True
1676061291.0,32,None,None,1,1.0,True
1676061292.0,32,None,None,1,1.0,True
1676061293.0,32,None,None,1,1.0,True
1676061294.0,32,None,None,1,1.0,True
1676061295.0,32,None,None,1,1.0,True
1676061296.0,32,None,None,1,1.0,True
1676061297.0,32,None,None,1,1.0,True
1676061298.0,32,None,None,1,1.0,True
1676061299.0,32,None,None,1,1.0,True
1676061300.0,32,None,None,1,1.0,True
1676061301.0,32,None,None,1,1.0,True
1676061302.0,32,None,None,1,1.0,True
1676061303.0,32,None,None,1,1.0,True
1676061304.0,32,None,None,1,1.0,True
1676061305.0,32,None,None,1,1.0,True
1676061306.0,32,None,None,1,1.0,True
1676061307.0,32,None,None,1,1.0,True
1676061308.0,32,None,None,1,1.0,True
1676061309.0,32,None,None,1,1.0,True
1676061310.0,32,None,None,1,1.0,True
1676061311.0,32,None,None,1,1.0,True
1676061312.0,32,None,None,1,1.0,True
1676061313.0,32,None,None,1,1.0,True
1676061314.0,32,None,None,1,1.0,True
1676061315.0,32,None,None,1,1.0,True
1676061316.0,32,None,None,1,1.0,True
1676061317.0,32,None,None,1,1.0,True
1676061318.0,32,None,None,1,1.0,True
1676061319.0,32,None,None,1,1.0,True
1676061320.0,32,None,None,1,1.0,True
1676061321.0,32,None,None,1,1.0,True
1676061322.0,32,None,None,1,1.0,True
1676061323.0,32,None,None,1,1.0,True
1676061324.0,32,None,None,1,1.0,True
1676061325.0,32,None,None,1,1.0,True
1676061326.0,32,None,None,1,1.0,True
1676061327.0,32,None,None,1,1.0,True
1676061328.0,32,None,None,1,1.0,True
1676061329.0,32,None,None,1,1.0,True
1676061330.0,32,None,None,1,1.0,True
1676061331.0,32,None,None,1,1.0,True
1676061332.0,32,None,None,1,1.0,True
1676061333.0,32,None,None,1,1.0,True
1676061334.0,32,None,None,1,1.0,True
1676061335.0,32,None,None,1,1.0,True
1676061336.0,32,None,None,1,1.0,True
1676061337.0,32,None,None,1,1.0,True
1676061338.0,32,None,None,1,1.0,True
1676061339.0,32,None,None,1,1.0,True
1676061340.0,32,None,None,1,1.0,True
1676061341.0,32,None,None,1,1.0,True
1676061342.0,32,None,None,1,1.0,True
1676061343.0,32,None,None,1,1.0,True
1676061344.0,32,None,None,1,1.0,True
1676061345.0,32,None,None,1,1.0,True
1676061346.0,32,None,None,1,1.0,True
1676061347.0,32,None,None,1,1.0,True
1676061348.0,32,None,None,1,1.0,True
1676061349.0,32,None,None,1,1.0,True
1676061350.0,32,None,None,1,1.0,True
1676061351.0,32,None,None,1,1.0,True
1676061352.0,32,None,None,1,1.0,True
1676061353.0,32,None,None,1,1.0,True
1676061354.0,32,None,None,1,1.0,True
1676061355.0,32,None,None,1,1.0,True
1676061356.0,32,None,None,1,1.0,True
1676061357.0,32,None,None,1,1.0,True
1676061358.0,32,None,None,1,1.0,True
1676061359.0,32,None,None,1,1.0,True
1676061360.0,32,None,None,1,1.0,True
1676061361.0,32,None,None,1,1.0,True
1676061362.0,32,None,None,1,1.0,True
1676061363.0,32,None,None,1,1.0,True
1676061364.0,32,None,None,1,1.0,True
1676061365.0,32,None,None,1,1.0,True
1676061366.0,32,None,None,1,1.0,True
1676061367.0,32,None,None,1,1.0,True
1676061368.0,32,None,None,1,1.0,True
1676061369.0,32,None,None,1,1.0,True
1676061370.0,32,None,None,1,1.0,True
1676061371.0,32,None,None,1,1.0,True
1676061372.0,32,None,None,1,1.0,True
1676061373.0,32,None,None,1,1.0,True
1676061374.0,32,None,None,1,1.0,True
1676061375.0,32,None,None,1,1.0,True
1676061376.0,32,None,None,1,1.0,True
1676061377.0,32,None,None,1,1.0,True
1676061378.0,32,None,None,1,1.0,True
1676061379.0,32,None,None,1,1.0,True
1676061380.0,32,None,None,1,1.0,True
1676061381.0,32,None,None,1,1.0,True
1676061382.0,32,None,None,1,1.0,True
1676061383.0,32,None,None,1,1.0,True
1676061384.0,32,None,None,1,1.0,True
1676061385.0,32,None,None,1,1.0,True
1676061386.0,32,None,None,1,1.0,True
1676061387.0,32,None,None,1,1.0,True
1676061388.0,32,None,None,1,1.0,True
1676061389.0,32,None,None,1,1.0,True
1676061390.0,32,None,None,1,1.0,True
1676061391.0,32,None,None,1,1.0,True
1676061392.0,32,None,None,1,1.0,True
1676061393.0,32,None,None,1,1.0,True
1676061394.0,32,None,None,1,1.0,True
1676061395.0,32,None,None,1,1.0,True
1676061396.0,32,None,None,1,1.0,True
1676061397.0,32,None,None,1,1.0,True
1676061398.0,32,None,None,1,1.0,True
1676061399.0,32,None,None,1,1.0,True
1676061400.0,32,None,None,1,1.0,True
1676061401.0,32,None,None,1,1.0,True
1676061402.0,32,None,None,1,1.0,True
1676061403.0,32,None,None,1,1.0,True
1676061404.0,32,None,None,1,1.0,True
1676061405.0,32,None,None,1,1.0,True
1676061406.0,32,None,None,1,1.0,True
1676061407.0,32,None,None,1,1.0,True
1676061408.0,32,None,None,1,1.0,True
1676061409.0,32,None,None,1,1.0,True
1676061410.0,32,None,None,1,1.0,True
1676061411.0,32,None,None,1,1.0,True
1676061412.0,32,None,None,1,1.0,True
1676061413.0,32,None,None,1,1.0,True
1676061414.0,32,None,None,1,1.0,True
1676061415.0,32,None,None,1,1.0,True
1676061416.0,32,None,None,1,1.0,True
1676061417.0,32,None,None,1,1.0,True
1676061418.0,32,None,None,1,1.0,True
1676061419.0,32,None,None,1,1.0,True
1676061420.0,32,None,None,1,1.0,True
1676061421.0,32,None,None,1,1.0,True
1676061422.0,32,None,None,1,1.0,True
1676061423.0,32,None,None,1,1.0,True
1676061424.0,32,None,None,1,1.0,True
1676061425.0,32,None,None,1,1.0,True
1676061426.0,32,None,None,1,1.0,True
1676061427.0,32,None,None,1,1.0,True
1676061428.0,32,None,None,1,1.0,True
1676061429.0,32,None,None,1,1.0,True
1676061430.0,32,None,None,1,1.0,True
1676061431.0,32,None,None,1,1.0,True
1676061432.0,32,None,None,1,1.0,True
1676061433.0,32,None,None,1,1.0,True
1676061434.0,32,None,None,1,1.0,True
1676061435.0,32,None,None,1,1.0,True
1676061436.0,32,None,None,1,1.0,True
1676061437.0,32,None,None,1,1.0,True
1676061438.0,32,None,None,1,1.0,True
1676061439.0,32,None,None,1,1.0,True
1676061440.0,32,None,None,1,1.0,True
1676061441.0,32,None,None,1,1.0,True
1676061442.0,32,None,None,1,1.0,True
1676061443.0,32,None,None,1,1.0,True
1676061444.0,32,None,None,1,1.0,True
1676061445.0,32,None,None,1,1.0,True
1676061446.0,32,None,None,1,1.0,True
1676061447.0,32,None,None,1,1.0,True
1676061448.0,32,None,None,1,1.0,True
1676061449.0,32,None,None,1,1.0,True
1676061450.0,32,None,None,1,1.0,True
1676061451.0,32,None,None,1,1.0,True
1676061452.0,32,None,None,1,1.0,True
1676061453.0,32,None,None,1,1.0,True
1676061454.0,32,None,None,1,1.0,True
1676061455.0,32,None,None,1,1.0,True
1676061456.0,32,None,None,1,1.0,True
1676061457.0,32,None,None,1,1.0,True
1676061458.0,32,None,None,1,1.0,True
1676061459.0,32,None,None,1,1.0,True
1676061460.0,32,None,None,1,1.0,True
1676061461.0,32,None,None,1,1.0,True
1676061462.0,32,None,None,1,1.0,True
1676061463.0,32,None,None,1,1.0,True
1676061464.0,32,None,None,1,1.0,True
1676061465.0,32,None,None,1,1.0,True
1676061466.0,32,None,None,1,1.0,True
1676061467.0,32,None,None,1,1.0,True
1676061468.0,32,None,None,1,1.0,True
1676061469.0,32,None,None,1,1.0,True
1676061470.0,32,None,None,1,1.0,True
1676061471.0,32,None,None,1,1.0,True
1676061472.0,32,None,None,1,1.0,True
1676061473.0,32,None,None,1,1.0,True
1676061474.0,32,None,None,1,1.0,True
1676061475.0,32,jelly,jelly,1,1.0,True
1676061476.0,32,jelly,jelly,1,1.0,True
1676061477.0,32,jelly,jelly,1,1.0,True
1676061478.0,32,jelly,jelly,1,1.0,True
1676061479.0,32,jelly,jelly,1,1.0,True
1676061480.0,32,jelly,jelly,1,1.0,True
1676061481.0,32,jelly,jelly,1,1.0,True
1676061482.0,32,jelly,jelly,1,1.0,True
1676061483.0,32,jelly,jelly,1,1.0,True
1676061484.0,32,jelly,jelly,1,1.0,True
1676061485.0,32,jelly,jelly,1,1.0,True
1676061486.0,32,jelly,jelly,1,1.0,True
1676061487.0,32,jelly,jelly,1,1.0,True
1676061488.0,32,jelly,jelly,1,1.0,True
1676061489.0,32,jelly,jelly,1,1.0,True
1676061490.0,32,jelly,jelly,1,1.0,True
1676061491.0,32,jelly,jelly,1,1.0,True
1676061492.0,32,jelly,jelly,1,1.0,True
1676061493.0,32,jelly,jelly,1,1.0,True
1676061494.0,32,jelly,jelly,1,1.0,True
1676061495.0,32,jelly,jelly,1,1.0,True
1676061496.0,32,jelly,jelly,1,1.0,True
1676061497.0,32,jelly,jelly,1,1.0,True
1676061498.0,32,jelly,jelly,1,1.0,True
1676061499.0,32,jelly,jelly,1,1.0,True
1676061500.0,32,jelly,jelly,1,1.0,True
1676061501.0,32,jelly,jelly,1,1.0,True
1676061502.0,32,jelly,jelly,1,1.0,True
1676061503.0,32,jelly,jelly,1,1.0,True
1676061504.0,32,jelly,jelly,1,1.0,True
1676061505.0,32,jelly,jelly,1,1.0,True
1676061506.0,32,jelly,jelly,1,1.0,True
1676061507.0,32,jelly,jelly,1,1.0,True
1676061508.0,32,jelly,jelly,1,1.0,True
1676061509.0,32,jelly,jelly,1,1.0,True
1676061510.0,32,jelly,jelly,1,1.0,True
1676061511.0,32,jelly,jelly,1,1.0,True
1676061512.0,32,jelly,jelly,1,1.0,True
1676061513.0,32,jelly,jelly,1,1.0,True
1676061514.0,32,jelly,jelly,1,1.0,True
1676061515.0,32,jelly,jelly,1,1.0,True
1676061516.0,32,jelly,jelly,1,1.0,True
1676061517.0,32,jelly,jelly,1,1.0,True
1676061518.0,32,jelly,jelly,1,1.0,True
1676061519.0,32,jelly,jelly,1,1.0,True
1676061520.0,32,jelly,jelly,1,1.0,True
1676061521.0,32,jelly,jelly,1,1.0,True
1676061522.0,32,jelly,jelly,1,1.0,True
1676061523.0,32,jelly,jelly,1,1.0,True
1676061524.0,32,jelly,jelly,1,1.0,True
1676061525.0,32,jelly,jelly,1,1.0,True
1676061526.0,32,jelly,jelly,1,1.0,True
1676061527.0,32,jelly,jelly,1,1.0,True
1676061528.0,32,jelly,jelly,1,1.0,True
1676061529.0,32,jelly,jelly,1,1.0,True
1676061530.0,32,jelly,jelly,1,1.0,True
1676061531.0,32,jelly,jelly,1,1.0,True
1676061532.0,32,jelly,jelly,1,1.0,True
1676061533.0,32,jelly,jelly,1,1.0,True
1676061534.0,32,jelly,jelly,1,1.0,True
1676061535.0,32,jelly,jelly,1,1.0,True
1676061536.0,32,jelly,jelly,1,1.0,True
1676061537.0,32,jelly,jelly,1,1.0,True
1676061538.0,32,jelly,jelly,1,1.0,True
1676061539.0,32,jelly,jelly,1,1.0,True
1676061540.0,32,jelly,jelly,1,1.0,True
1676061541.0,32,jelly,jelly,1,1.0,True
1676061542.0,32,jelly,jelly,1,1.0,True
1676061543.0,32,jelly,jelly,1,1.0,True
1676061544.0,32,jelly,jelly,1,1.0,True
1676061545.0,32,jelly,jelly,1,1.0,True
1676061546.0,32,jelly,jelly,1,1.0,True
1676061547.0,32,jelly,jelly,1,1.0,True
1676061548.0,32,jelly,jelly,1,1.0,True
1676061549.0,32,jelly,jelly,1,1.0,True
1676061550.0,32,jelly,jelly,1,1.0,True
1676061551.0,32,jelly,jelly,1,1.0,True
1676061552.0,32,jelly,jelly,1,1.0,True
1676061553.0,32,jelly,jelly,1,1.0,True
1676061554.0,32,jelly,jelly,1,1.0,True
1676061555.0,32,jelly,jelly,1,1.0,True
1676061556.0,32,jelly,jelly,1,1.0,True
1676061557.0,32,jelly,jelly,1,1.0,True
1676061558.0,32,jelly,jelly,1,1.0,True
1676061559.0,32,jelly,jelly,1,1.0,True
1676061560.0,32,jelly,jelly,1,1.0,True
1676061561.0,32,jelly,jelly,1,1.0,True
1676061562.0,32,jelly,jelly,1,1.0,True
1676061563.0,32,jelly,jelly,1,1.0,True
1676061564.0,32,jelly,jelly,1,1.0,True
1676061565.0,32,jelly,jelly,1,1.0,True
1676061566.0,32,jelly,jelly,1,1.0,True
1676061567.0,32,jelly,jelly,1,1.0,True
1676061568.0,32,jelly,jelly,1,1.0,True
1676061569.0,32,jelly,jelly,1,1.0,True
1676061570.0,32,jelly,jelly,1,1.0,True
1676061571.0,32,jelly,jelly,1,1.0,True
1676061572.0,32,jelly,jelly,1,1.0,True
1676061573.0,32,jelly,jelly,1,1.0,True
1676061574.0,32,jelly,jelly,1,1.0,True
1676061575.0,32,jelly,jelly,1,1.0,True
1676061576.0,32,jelly,jelly,1,1.0,True
1676061577.0,32,jelly,jelly,1,1.0,True
1676061578.0,32,jelly,jelly,1,1.0,True
1676061579.0,32,jelly,jelly,1,1.0,True
1676061580.0,32,jelly,jelly,1,1.0,True
1676061581.0,32,jelly,jelly,1,1.0,True
1676061582.0,32,jelly,jelly,1,1.0,True
1676061583.0,32,jelly,jelly,1,1.0,True
1676061584.0,32,jelly,jelly,1,1.0,True
1676061585.0,32,jelly,jelly,1,1.0,True
1676061586.0,32,jelly,jelly,1,1.0,True
1676061587.0,32,jelly,jelly,1,1.0,True
1676061588.0,32,jelly,jelly,1,1.0,True
1676061589.0,32,jelly,jelly,1,1.0,True
1676061590.0,32,jelly,jelly,1,1.0,True
1676061591.0,32,jelly,jelly,1,1.0,True
1676061592.0,32,jelly,jelly,1,1.0,True
1676061593.0,32,jelly,jelly,1,1.0,True
1676061594.0,32,jelly,jelly,1,1.0,True
1676061595.0,32,jelly,jelly,1,1.0,True
1676061596.0,32,jelly,jelly,1,1.0,True
1676061597.0,32,jelly,jelly,1,1.0,True
1676061598.0,32,jelly,jelly,1,1.0,True
1676061599.0,32,jelly,jelly,1,1.0,True
1676061600.0,32,jelly,jelly,1,1.0,True
1676061601.0,32,jelly,jelly,1,1.0,True
1676061602.0,32,jelly,jelly,1,1.0,True
1676061603.0,32,jelly,jelly,1,1.0,True
1676061604.0,32,jelly,jelly,1,1.0,True
1676061605.0,32,jelly,jelly,1,1.0,True
1676061606.0,32,jelly,jelly,1,1.0,True
1676061607.0,32,jelly,jelly,1,1.0,True
1676061608.0,32,jelly,jelly,1,1.0,True
1676061609.0,32,jelly,jelly,1,1.0,True
1676061610.0,32,jelly,jelly,1,1.0,True
1676061611.0,32,jelly,jelly,1,1.0,True
1676061612.0,32,jelly,jelly,1,1.0,True
1676061613.0,32,jelly,jelly,1,1.0,True
1676061614.0,32,jelly,jelly,1,1.0,True
1676061615.0,32,jelly,jelly,1,1.0,True
1676061616.0,32,jelly,jelly,1,1.0,True
1676061617.0,32,jelly,jelly,1,1.0,True
1676061618.0,32,jelly,jelly,1,1.0,True
1676061619.0,32,jelly,jelly,1,1.0,True
1676061620.0,32,jelly,jelly,1,1.0,True
1676061621.0,32,jelly,jelly,1,1.0,True
1676061622.0,32,jelly,jelly,1,1.0,True
1676061623.0,32,jelly,jelly,1,1.0,True
1676061624.0,32,jelly,jelly,1,1.0,True
1676061625.0,32,jelly,jelly,1,1.0,True
1676061626.0,32,jelly,jelly,1,1.0,True
1676061627.0,32,jelly,jelly,1,1.0,True
1676061628.0,32,jelly,jelly,1,1.0,True
1676061629.0,32,jelly,jelly,1,1.0,True
1676061630.0,32,jelly,jelly,1,1.0,True
1676061631.0,32,jelly,jelly,1,1.0,True
1676061632.0,32,jelly,jelly,1,1.0,True
1676061633.0,32,jelly,jelly,1,1.0,True
1676061634.0,32,jelly,jelly,1,1.0,True
1676061635.0,32,jelly,jelly,1,1.0,True
1676061636.0,32,jelly,jelly,1,1.0,True
1676061637.0,32,jelly,jelly,1,1.0,True
1676061638.0,32,jelly,jelly,1,1.0,True
1676061639.0,32,jelly,jelly,1,1.0,True
1676061640.0,32,jelly,jelly,1,1.0,True
1676061641.0,32,jelly,jelly,1,1.0,True
1676061642.0,32,jelly,jelly,1,1.0,True
1676061643.0,32,jelly,jelly,1,1.0,True
1676061644.0,32,jelly,jelly,1,1.0,True
1676061645.0,32,jelly,jelly,1,1.0,True
1676061646.0,32,jelly,jelly,1,1.0,True
1676061647.0,32,jelly,jelly,1,1.0,True
1676061648.0,32,jelly,jelly,1,1.0,True
1676061649.0,32,jelly,jelly,1,1.0,True
1676061650.0,32,jelly,jelly,1,1.0,True
1676061651.0,32,jelly,jelly,1,1.0,True
1676061652.0,32,jelly,jelly,1,1.0,True
1676061653.0,32,jelly,jelly,1,1.0,True
1676061654.0,32,jelly,jelly,1,1.0,True
1676061655.0,32,jelly,jelly,1,1.0,True
1676061656.0,32,jelly,jelly,1,1.0,True
1676061657.0,32,None,None,1,1.0,True
1676061658.0,32,None,None,1,1.0,True
1676061659.0,32,None,None,1,1.0,True
1676061660.0,32,None,None,1,1.0,True
1676061661.0,32,None,None,1,1.0,True
1676061662.0,32,None,None,1,1.0,True
1676061663.0,32,None,None,1,1.0,True
1676061664.0,32,None,None,1,1.0,True
1676061665.0,32,None,None,1,1.0,True
1676061666.0,32,count,count,1,1.0,True
1676061667.0,32,count,count,1,1.0,True
1676061668.0,32,count,count,1,1.0,True
1676061669.0,32,count,count,1,1.0,True
1676061670.0,32,count,count,1,1.0,True
1676061671.0,32,count,count,1,1.0,True
1676061672.0,32,count,count,1,1.0,True
1676061673.0,32,count,count,1,1.0,True
1676061674.0,32,count,count,1,1.0,True
1676061675.0,32,count,count,1,1.0,True
1676061676.0,32,count,count,1,1.0,True
1676061677.0,32,count,count,1,1.0,True
1676061678.0,32,count,count,1,1.0,True
1676061679.0,32,count,count,1,1.0,True
1676061680.0,32,count,count,1,1.0,True
1676061681.0,32,count,count,1,1.0,True
1676061682.0,32,count,count,1,1.0,True
1676061683.0,32,count,count,1,1.0,True
1676061684.0,32,count,count,1,1.0,True
1676061685.0,32,count,count,1,1.0,True
1676061686.0,32,count,count,1,1.0,True
1676061687.0,32,count,count,1,1.0,True
1676061688.0,32,count,count,1,1.0,True
1676061689.0,32,count,count,1,1.0,True
1676061690.0,32,count,count,1,1.0,True
1676061691.0,32,count,count,1,1.0,True
1676061692.0,32,count,count,1,1.0,True
1676061693.0,32,count,count,1,1.0,True
1676061694.0,32,count,count,1,1.0,True
1676061695.0,32,count,count,1,1.0,True
1676061696.0,32,count,count,1,1.0,True
1676061697.0,32,count,count,1,1.0,True
1676061698.0,32,count,count,1,1.0,True
1676061699.0,32,count,count,1,1.0,True
1676061700.0,32,count,count,1,1.0,True
1676061701.0,32,count,count,1,1.0,True
1676061702.0,32,count,count,1,1.0,True
1676061703.0,32,count,count,1,1.0,True
1676061704.0,32,count,count,1,1.0,True
1676061705.0,32,count,count,1,1.0,True
1676061706.0,32,count,count,1,1.0,True
1676061707.0,32,count,count,1,1.0,True
1676061708.0,32,count,count,1,1.0,True
1676061709.0,32,count,count,1,1.0,True
1676061710.0,32,count,count,1,1.0,True
1676061711.0,32,count,count,1,1.0,True
1676061712.0,32,count,count,1,1.0,True
1676061713.0,32,count,count,1,1.0,True
1676061714.0,32,count,count,1,1.0,True
1676061715.0,32,count,count,1,1.0,True
1676061716.0,32,count,count,1,1.0,True
1676061717.0,32,count,count,1,1.0,True
1676061718.0,32,count,count,1,1.0,True
1676061719.0,32,count,count,1,1.0,True
1676061720.0,32,count,count,1,1.0,True
1676061721.0,32,count,count,1,1.0,True
1676061722.0,32,count,count,1,1.0,True
1676061723.0,32,count,count,1,1.0,True
1676061724.0,32,count,count,1,1.0,True
1676061725.0,32,None,None,1,1.0,True
1676061726.0,32,None,None,1,1.0,True
1676061727.0,32,None,None,1,1.0,True
1676061728.0,32,None,None,1,1.0,True
1676061729.0,32,None,None,1,1.0,True
1676061730.0,32,None,None,1,1.0,True
1676061731.0,32,good,good,1,1.0,True
1676061732.0,32,good,good,1,1.0,True
1676061733.0,32,good,good,1,1.0,True
1676061734.0,32,good,good,1,1.0,True
1676061735.0,32,good,good,1,1.0,True
1676061736.0,32,good,good,1,1.0,True
1676061737.0,32,good,good,1,1.0,True
1676061738.0,32,good,good,1,1.0,True
1676061739.0,32,good,good,1,1.0,True
1676061740.0,32,good,good,1,1.0,True
1676061741.0,32,good,good,1,1.0,True
1676061742.0,32,good,good,1,1.0,True
1676061743.0,32,good,good,1,1.0,True
1676061744.0,32,good,good,1,1.0,True
1676061745.0,32,good,good,1,1.0,True
1676061746.0,32,good,good,1,1.0,True
1676061747.0,32,good,good,1,1.0,True
1676061748.0,32,good,good,1,1.0,True
1676061749.0,32,good,good,1,1.0,True
1676061750.0,32,good,good,1,1.0,True
1676061751.0,32,good,good,1,1.0,True
1676061752.0,32,good,good,1,1.0,True
1676061753.0,32,good,good,1,1.0,True
1676061754.0,32,good,good,1,1.0,True
1676061755.0,32,good,good,1,1.0,True
1676061756.0,32,good,good,1,1.0,True
1676061757.0,32,good,good,1,1.0,True
1676061758.0,32,good,good,1,1.0,True
1676061759.0,32,good,good,1,1.0,True
1676061760.0,32,good,good,1,1.0,True
1676061761.0,32,good,good,1,1.0,True
1676061762.0,32,good,good,1,1.0,True
1676061763.0,32,good,good,1,1.0,True
1676061764.0,32,good,good,1,1.0,True
1676061765.0,32,good,good,1,1.0,True
1676061766.0,32,good,good,1,1.0,True
1676061767.0,32,good,good,1,1.0,True
1676061768.0,32,good,good,1,1.0,True
1676061769.0,32,good,good,1,1.0,True
1676061770.0,32,good,good,1,1.0,True
1676061771.0,32,good,good,1,1.0,True
1676061772.0,32,good,good,1,1.0,True
1676061773.0,32,good,good,1,1.0,True
1676061774.0,32,good,good,1,1.0,True
1676061775.0,32,good,good,1,1.0,True
1676061776.0,32,good,good,1,1.0,True
1676061777.0,32,good,good,1,1.0,True
1676061778.0,32,good,good,1,1.0,True
1676061779.0,32,good,good,1,1.0,True
1676061780.0,32,good,good,1,1.0,True
1676061781.0,32,good,good,1,1.0,True
1676061782.0,32,good,good,1,1.0,True
1676061783.0,32,good,good,1,1.0,True
1676061784.0,32,good,good,1,1.0,True
1676061785.0,32,good,good,1,1.0,True
1676061786.0,32,good,good,1,1.0,True
1676061787.0,32,good,good,1,1.0,True
1676061788.0,32,good,good,1,1.0,True
1676061789.0,32,good,good,1,1.0,True
1676061790.0,32,good,good,1,1.0,True
1676061791.0,32,good,good,1,1.0,True
1676061792.0,32,good,good,1,1.0,True
1676061793.0,32,good,good,1,1.0,True
1676061794.0,32,good,good,1,1.0,True
1676061795.0,32,good,good,1,1.0,True
1676061796.0,32,good,good,1,1.0,True
1676061797.0,32,good,good,1,1.0,True
1676061798.0,32,good,good,1,1.0,True
1676061799.0,32,good,good,1,1.0,True
1676061800.0,32,good,good,1,1.0,True
1676061801.0,32,good,good,1,1.0,True
1676061802.0,32,good,good,1,1.0,True
1676061803.0,32,good,good,1,1.0,True
1676061804.0,32,good,good,1,1.0,True
1676061805.0,32,good,good,1,1.0,True
1676061806.0,32,good,good,1,1.0,True
1676061807.0,32,good,good,1,1.0,True
1676061808.0,32,good,good,1,1.0,True
1676061809.0,32,good,good,1,1.0,True
1676061810.0,32,good,good,1,1.0,True
1676061811.0,32,good,good,1,1.0,True
1676061812.0,32,good,good,1,1.0,True
1676061813.0,32,good,good,1,1.0,True
1676061814.0,32,good,good,1,1.0,True
1676061815.0,32,good,good,1,1.0,True
1676061816.0,32,good,good,1,1.0,True
1676061817.0,32,good,good,1,1.0,True
1676061818.0,32,good,good,1,1.0,True
1676061819.0,32,good,good,1,1.0,True
1676061820.0,32,good,good,1,1.0,True
1676061821.0,32,good,good,1,1.0,True
1676061822.0,32,good,good,1,1.0,True
1676061823.0,32,good,good,1,1.0,True
1676061824.0,32,good,good,1,1.0,True
1676061825.0,32,good,good,1,1.0,True
1676061826.0,32,good,good,1,1.0,True
1676061827.0,32,good,good,1,1.0,True
1676061828.0,32,good,good,1,1.0,True
1676061829.0,32,good,good,1,1.0,True
1676061830.0,32,good,good,1,1.0,True
1676061831.0,32,good,good,1,1.0,True
1676061832.0,32,good,good,1,1.0,True
1676061833.0,32,good,good,1,1.0,True
1676061834.0,32,good,good,1,1.0,True
1676061835.0,32,good,good,1,1.0,True
1676061836.0,32,good,good,1,1.0,True
1676061837.0,32,good,good,1,1.0,True
1676061838.0,32,good,good,1,1.0,True
1676061839.0,32,good,good,1,1.0,True
1676061840.0,32,good,good,1,1.0,True
1676061841.0,32,good,good,1,1.0,True
1676061842.0,32,good,good,1,1.0,True
1676061843.0,32,good,good,1,1.0,True
1676061844.0,32,good,good,1,1.0,True
1676061845.0,32,good,good,1,1.0,True
1676061846.0,32,good,good,1,1.0,True
1676061847.0,32,good,good,1,1.0,True
1676061848.0,32,None,None,1,1.0,True
1676061849.0,32,None,None,1,1.0,True
1676061850.0,32,None,None,1,1.0,True
1676061851.0,32,None,None,1,1.0,True
1676061852.0,32,None,None,1,1.0,True
1676061853.0,32,None,None,1,1.0,True
1676061854.0,32,None,None,1,1.0,True
1676061855.0,32,None,None,1,1.0,True
1676061856.0,32,None,None,1,1.0,True
1676061857.0,32,None,None,1,1.0,True
1676061858.0,32,None,None,1,1.0,True
1676061859.0,32,None,None,1,1.0,True
1676061860.0,32,None,None,1,1.0,True
1676061861.0,32,None,None,1,1.0,True
1676061862.0,32,animal,animal,1,1.0,True
1676061863.0,32,animal,animal,1,1.0,True
1676061864.0,32,animal,animal,1,1.0,True
1676061865.0,32,animal,animal,1,1.0,True
1676061866.0,32,animal,animal,1,1.0,True
1676061867.0,32,animal,animal,1,1.0,True
1676061868.0,32,animal,animal,1,1.0,True
1676061869.0,32,animal,animal,1,1.0,True
1676061870.0,32,animal,animal,1,1.0,True
1676061871.0,32,animal,animal,1,1.0,True
1676061872.0,32,animal,animal,1,1.0,True
1676061873.0,32,animal,animal,1,1.0,True
1676061874.0,32,animal,animal,1,1.0,True
1676061875.0,32,animal,animal,1,1.0,True
1676061876.0,32,animal,animal,1,1.0,True
1676061877.0,32,animal,animal,1,1.0,True
1676061878.0,32,animal,animal,1,1.0,True
1676061879.0,32,animal,animal,1,1.0,True
1676061880.0,32,animal,animal,1,1.0,True
1676061881.0,32,animal,animal,1,1.0,True
1676061882.0,32,animal,animal,1,1.0,True
1676061883.0,32,animal,animal,1,1.0,True
1676061884.0,32,animal,animal,1,1.0,True
1676061885.0,32,animal,animal,1,1.0,True
1676061886.0,32,animal,animal,1,1.0,True
1676061887.0,32,animal,animal,1,1.0,True
1676061888.0,32,animal,animal,1,1.0,True
1676061889.0,32,animal,animal,1,1.0,True
1676061890.0,32,animal,animal,1,1.0,True
1676061891.0,32,animal,animal,1,1.0,True
1676061892.0,32,animal,animal,1,1.0,True
1676061893.0,32,animal,animal,1,1.0,True
1676061894.0,32,animal,animal,1,1.0,True
1676061895.0,32,animal,animal,1,1.0,True
1676061896.0,32,animal,animal,1,1.0,True
1676061897.0,32,animal,animal,1,1.0,True
1676061898.0,32,animal,animal,1,1.0,True
1676061899.0,32,animal,animal,1,1.0,True
1676061900.0,32,animal,animal,1,1.0,True
1676061901.0,32,animal,animal,1,1.0,True
1676061902.0,32,animal,animal,1,1.0,True
1676061903.0,32,animal,animal,1,1.0,True
1676061904.0,32,animal,animal,1,1.0,True
1676061905.0,32,animal,animal,1,1.0,True
1676061906.0,32,animal,animal,1,1.0,True
1676061907.0,32,animal,animal,1,1.0,True
1676061908.0,32,animal,animal,1,1.0,True
1676061909.0,32,animal,animal,1,1.0,True
1676061910.0,32,animal,animal,1,1.0,True
1676061911.0,32,animal,animal,1,1.0,True
1676061912.0,32,animal,animal,1,1.0,True
1676061913.0,32,animal,animal,1,1.0,True
1676061914.0,32,animal,animal,1,1.0,True
1676061915.0,32,animal,animal,1,1.0,True
1676061916.0,32,animal,animal,1,1.0,True
1676061917.0,32,animal,animal,1,1.0,True
1676061918.0,32,animal,animal,1,1.0,True
1676061919.0,32,animal,animal,1,1.0,True
1676061920.0,32,animal,animal,1,1.0,True
1676061921.0,32,animal,animal,1,1.0,True
1676061922.0,32,animal,animal,1,1.0,True
1676061923.0,32,animal,animal,1,1.0,True
1676061924.0,32,animal,animal,1,1.0,True
1676061925.0,32,animal,animal,1,1.0,True
1676061926.0,32,animal,animal,1,1.0,True
1676061927.0,32,animal,animal,1,1.0,True
1676061928.0,32,animal,animal,1,1.0,True
1676061929.0,32,animal,animal,1,1.0,True
1676061930.0,32,animal,animal,1,1.0,True
1676061931.0,32,animal,animal,1,1.0,True
1676061932.0,32,animal,animal,1,1.0,True
1676061933.0,32,animal,animal,1,1.0,True
1676061934.0,32,animal,animal,1,1.0,True
1676061935.0,32,animal,animal,1,1.0,True
1676061936.0,32,animal,animal,1,1.0,True
1676061937.0,32,animal,animal,1,1.0,True
1676061938.0,32,animal,animal,1,1.0,True
1676061939.0,32,animal,animal,1,1.0,True
1676061940.0,32,animal,animal,1,1.0,True
1676061941.0,32,animal,animal,1,1.0,True
1676061942.0,32,animal,animal,1,1.0,True
1676061943.0,32,animal,animal,1,1.0,True
1676061944.0,32,animal,animal,1,1.0,True
1676061945.0,32,animal,animal,1,1.0,True
1676061946.0,32,animal,animal,1,1.0,True
1676061947.0,32,animal,animal,1,1.0,True
1676061948.0,32,animal,animal,1,1.0,True
1676061949.0,32,animal,animal,1,1.0,True
1676061950.0,32,animal,animal,1,1.0,True
1676061951.0,32,animal,animal,1,1.0,True
1676061952.0,32,animal,animal,1,1.0,True
1676061953.0,32,animal,animal,1,1.0,True
1676061954.0,32,animal,animal,1,1.0,True
1676061955.0,32,animal,animal,1,1.0,True
1676061956.0,32,animal,animal,1,1.0,True
1676061957.0,32,animal,animal,1,1.0,True
1676061958.0,32,animal,animal,1,1.0,True
1676061959.0,32,animal,animal,1,1.0,True
1676061960.0,32,animal,animal,1,1.0,True
1676061961.0,32,animal,animal,1,1.0,True
1676061962.0,32,animal,animal,1,1.0,True
1676061963.0,32,animal,animal,1,1.0,True
1676061964.0,32,animal,animal,1,1.0,True
1676061965.0,32,animal,animal,1,1.0,True
1676061966.0,32,animal,animal,1,1.0,True
1676061967.0,32,animal,animal,1,1.0,True
1676061968.0,32,animal,animal,1,1.0,True
1676061969.0,32,animal,animal,1,1.0,True
1676061970.0,32,animal,animal,1,1.0,True
1676061971.0,32,animal,animal,1,1.0,True
1676061972.0,32,animal,animal,1,1.0,True
1676061973.0,32,animal,animal,1,1.0,True
1676061974.0,32,animal,animal,1,1.0,True
1676061975.0,32,animal,animal,1,1.0,True
1676061976.0,32,animal,animal,1,1.0,True
1676061977.0,32,animal,animal,1,1.0,True
1676061978.0,32,animal,animal,1,1.0,True
1676061979.0,32,animal,animal,1,1.0,True
1676061980.0,32,animal,animal,1,1.0,True
1676061981.0,32,animal,animal,1,1.0,True
1676061982.0,32,animal,animal,1,1.0,True
1676061983.0,32,animal,animal,1,1.0,True
1676061984.0,32,animal,animal,1,1.0,True
1676061985.0,32,animal,animal,1,1.0,True
1676061986.0,32,animal,animal,1,1.0,True
1676061987.0,32,animal,animal,1,1.0,True
1676061988.0,32,animal,animal,1,1.0,True
1676061989.0,32,animal,animal,1,1.0,True
1676061990.0,32,animal,animal,1,1.0,True
1676061991.0,32,animal,animal,1,1.0,True
1676061992.0,32,animal,animal,1,1.0,True
1676061993.0,32,animal,animal,1,1.0,True
1676061994.0,32,animal,animal,1,1.0,True
1676061995.0,32,animal,animal,1,1.0,True
1676061996.0,32,animal,animal,1,1.0,True
1676061997.0,32,animal,animal,1,1.0,True
1676061998.0,32,animal,animal,1,1.0,True
1676061999.0,32,animal,animal,1,1.0,True
1676062000.0,32,animal,animal,1,1.0,True
1676062001.0,32,animal,animal,1,1.0,True
1676062002.0,32,animal,animal,1,1.0,True
1676062003.0,32,animal,animal,1,1.0,True
1676062004.0,32,animal,animal,1,1.0,True
1676062005.0,32,animal,animal,1,1.0,True
1676062006.0,32,animal,animal,1,1.0,True
1676062007.0,32,animal,animal,1,1.0,True
1676062008.0,32,animal,animal,1,1.0,True
1676062009.0,32,animal,animal,1,1.0,True
1676062010.0,32,animal,animal,1,1.0,True
1676062011.0,32,animal,animal,1,1.0,True
1676062012.0,32,animal,animal,1,1.0,True
1676062013.0,32,animal,animal,1,1.0,True
1676062014.0,32,animal,animal,1,1.0,True
1676062015.0,32,animal,animal,1,1.0,True
1676062016.0,32,animal,animal,1,1.0,True
1676062017.0,32,animal,animal,1,1.0,True
1676062018.0,32,animal,animal,1,1.0,True
1676062019.0,32,animal,animal,1,1.0,True
1676062020.0,32,animal,animal,1,1.0,True
1676062021.0,32,animal,animal,1,1.0,True
1676062022.0,32,animal,animal,1,1.0,True
1676062023.0,32,animal,animal,1,1.0,True
1676062024.0,32,animal,animal,1,1.0,True
1676062025.0,32,animal,animal,1,1.0,True
1676062026.0,32,animal,animal,1,1.0,True
1676062027.0,32,animal,animal,1,1.0,True
1676062028.0,32,animal,animal,1,1.0,True
1676062029.0,32,animal,animal,1,1.0,True
1676062030.0,32,animal,animal,1,1.0,True
1676062031.0,32,animal,animal,1,1.0,True
1676062032.0,32,animal,animal,1,1.0,True
1676062033.0,32,animal,animal,1,1.0,True
1676062034.0,32,animal,animal,1,1.0,True
1676062035.0,32,animal,animal,1,1.0,True
1676062036.0,32,animal,animal,1,1.0,True
1676062037.0,32,animal,animal,1,1.0,True
1676062038.0,32,animal,animal,1,1.0,True
1676062039.0,32,animal,animal,1,1.0,True
1676062040.0,32,animal,animal,1,1.0,True
1676062041.0,32,animal,animal,1,1.0,True
1676062042.0,32,animal,animal,1,1.0,True
1676062043.0,32,animal,animal,1,1.0,True
1676062044.0,32,None,None,1,1.0,True
1676062045.0,32,None,None,1,1.0,True
1676062046.0,32,None,None,1,1.0,True
1676062047.0,32,None,None,1,1.0,True
1676062048.0,32,None,None,1,1.0,True
1676062049.0,32,None,None,1,1.0,True
1676062050.0,32,None,None,1,1.0,True
1676062051.0,32,None,None,1,1.0,True
1676062052.0,32,None,None,1,1.0,True
1676062053.0,32,None,None,1,1.0,True
1676062054.0,32,None,None,1,1.0,True
1676062055.0,32,None,None,1,1.0,True
1676062056.0,32,None,None,1,1.0,True
1676062057.0,32,None,None,1,1.0,True
1676062058.0,32,None,None,1,1.0,True
1676062059.0,32,None,None,1,1.0,True
1676062060.0,32,None,None,1,1.0,True
1676062061.0,32,prepareSong,prepareSong,1,1.0,True
1676062062.0,32,prepareSong,prepareSong,1,1.0,True
1676062063.0,32,prepareSong,prepareSong,1,1.0,True
1676062064.0,32,prepareSong,prepareSong,1,1.0,True
1676062065.0,32,prepareSong,prepareSong,1,1.0,True
1676062066.0,32,prepareSong,prepareSong,1,1.0,True
1676062067.0,32,prepareSong,prepareSong,1,1.0,True
1676062068.0,32,prepareSong,prepareSong,1,1.0,True
1676062069.0,32,prepareSong,prepareSong,1,1.0,True
1676062070.0,32,prepareSong,prepareSong,1,1.0,True
1676062071.0,32,prepareSong,prepareSong,1,1.0,True
1676062072.0,32,prepareSong,prepareSong,1,1.0,True
1676062073.0,32,prepareSong,prepareSong,1,1.0,True
1676062074.0,32,prepareSong,prepareSong,1,1.0,True
1676062075.0,32,prepareSong,prepareSong,1,1.0,True
1676062076.0,32,prepareSong,prepareSong,1,1.0,True
1676062077.0,32,prepareSong,prepareSong,1,1.0,True
1676062078.0,32,prepareSong,prepareSong,1,1.0,True
1676062079.0,32,prepareSong,prepareSong,1,1.0,True
1676062080.0,32,prepareSong,prepareSong,1,1.0,True
1676062081.0,32,prepareSong,prepareSong,1,1.0,True
1676062082.0,32,prepareSong,prepareSong,1,1.0,True
1676062083.0,32,prepareSong,prepareSong,1,1.0,True
1676062084.0,32,prepareSong,prepareSong,1,1.0,True
1676062085.0,32,prepareSong,prepareSong,1,1.0,True
1676062086.0,32,prepareSong,prepareSong,1,1.0,True
1676062087.0,32,prepareSong,prepareSong,1,1.0,True
1676062088.0,32,None,None,1,1.0,True
1676062089.0,32,None,None,1,1.0,True
1676062090.0,32,None,None,1,1.0,True
1676062091.0,32,None,None,1,1.0,True
1676062092.0,32,None,None,1,1.0,True
1676062093.0,32,None,None,1,1.0,True
1676062094.0,32,None,None,1,1.0,True
1676062095.0,32,None,None,1,1.0,True
1676062096.0,32,None,None,1,1.0,True
1676062097.0,32,None,None,1,1.0,True
1676062098.0,32,None,None,1,1.0,True
1676062099.0,32,None,None,1,1.0,True
1676062100.0,32,None,None,1,1.0,True
1676062101.0,32,None,None,1,1.0,True
1676062102.0,32,None,None,1,1.0,True
1676062103.0,32,None,None,1,1.0,True
1676062104.0,32,None,None,1,1.0,True
1676062105.0,32,None,None,1,1.0,True
1676062106.0,32,None,None,1,1.0,True
1676062107.0,32,None,None,1,1.0,True
1676062108.0,32,None,None,1,1.0,True
1676062109.0,32,None,None,1,1.0,True
1676062110.0,32,None,None,1,1.0,True
1676062111.0,32,None,None,1,1.0,True
1676062112.0,32,None,None,1,1.0,True
1676062113.0,32,None,None,1,1.0,True
1676062114.0,32,None,None,1,1.0,True
1676062115.0,32,None,None,1,1.0,True
1676062116.0,32,None,None,1,1.0,True
1676062117.0,32,None,None,1,1.0,True
1676062118.0,32,None,None,1,1.0,True
1676062119.0,32,None,None,1,1.0,True
1676062120.0,32,None,None,1,1.0,True
1676062121.0,32,None,None,1,1.0,True
1676062122.0,32,None,None,1,1.0,True
1676062123.0,32,None,None,1,1.0,True
1676062124.0,32,None,None,1,1.0,True
1676062125.0,32,None,None,1,1.0,True
1676062126.0,32,None,None,1,1.0,True
1676062127.0,32,None,None,1,1.0,True
1676062128.0,32,None,None,1,1.0,True
1676062129.0,32,None,None,1,1.0,True
1676062130.0,32,None,None,1,1.0,True
1676062131.0,32,None,None,1,1.0,True
1676062132.0,32,None,None,1,1.0,True
1676062133.0,32,None,None,1,1.0,True
1676062134.0,32,None,None,1,1.0,True
1676062135.0,32,None,None,1,1.0,True
1676062136.0,32,None,None,1,1.0,True
1676062137.0,32,None,None,1,1.0,True
1676062138.0,32,None,None,1,1.0,True
1676062139.0,32,None,None,1,1.0,True
1676062140.0,32,None,None,1,1.0,True
1676062141.0,32,stroop,stroop,1,1.0,True
1676062142.0,32,stroop,stroop,1,1.0,True
1676062143.0,32,stroop,stroop,1,1.0,True
1676062144.0,32,stroop,stroop,1,1.0,True
1676062145.0,32,stroop,stroop,1,1.0,True
1676062146.0,32,stroop,stroop,1,1.0,True
1676062147.0,32,stroop,stroop,1,1.0,True
1676062148.0,32,stroop,stroop,1,1.0,True
1676062149.0,32,stroop,stroop,1,1.0,True
1676062150.0,32,stroop,stroop,1,1.0,True
1676062151.0,32,stroop,stroop,1,1.0,True
1676062152.0,32,stroop,stroop,1,1.0,True
1676062153.0,32,stroop,stroop,1,1.0,True
1676062154.0,32,stroop,stroop,1,1.0,True
1676062155.0,32,stroop,stroop,1,1.0,True
1676062156.0,32,stroop,stroop,1,1.0,True
1676062157.0,32,stroop,stroop,1,1.0,True
1676062158.0,32,stroop,stroop,1,1.0,True
1676062159.0,32,stroop,stroop,1,1.0,True
1676062160.0,32,stroop,stroop,1,1.0,True
1676062161.0,32,stroop,stroop,1,1.0,True
1676062162.0,32,stroop,stroop,1,1.0,True
1676062163.0,32,stroop,stroop,1,1.0,True
1676062164.0,32,stroop,stroop,1,1.0,True
1676062165.0,32,stroop,stroop,1,1.0,True
1676062166.0,32,stroop,stroop,1,1.0,True
1676062167.0,32,stroop,stroop,1,1.0,True
1676062168.0,32,stroop,stroop,1,1.0,True
1676062169.0,32,stroop,stroop,1,1.0,True
1676062170.0,32,stroop,stroop,1,1.0,True
1676062171.0,32,stroop,stroop,1,1.0,True
1676062172.0,32,stroop,stroop,1,1.0,True
1676062173.0,32,stroop,stroop,1,1.0,True
1676062174.0,32,stroop,stroop,1,1.0,True
1676062175.0,32,stroop,stroop,1,1.0,True
1676062176.0,32,stroop,stroop,1,1.0,True
1676062177.0,32,stroop,stroop,1,1.0,True
1676062178.0,32,stroop,stroop,1,1.0,True
1676062179.0,32,stroop,stroop,1,1.0,True
1676062180.0,32,stroop,stroop,1,1.0,True
1676062181.0,32,stroop,stroop,1,1.0,True
1676062182.0,32,stroop,stroop,1,1.0,True
1676062183.0,32,stroop,stroop,1,1.0,True
1676062184.0,32,stroop,stroop,1,1.0,True
1676062185.0,32,stroop,stroop,1,1.0,True
1676062186.0,32,stroop,stroop,1,1.0,True
1676062187.0,32,stroop,stroop,1,1.0,True
1676062188.0,32,stroop,stroop,1,1.0,True
1676062189.0,32,stroop,stroop,1,1.0,True
1676062190.0,32,stroop,stroop,1,1.0,True
1676062191.0,32,stroop,stroop,1,1.0,True
1676062192.0,32,stroop,stroop,1,1.0,True
1676062193.0,32,stroop,stroop,1,1.0,True
1676062194.0,32,stroop,stroop,1,1.0,True
1676062195.0,32,stroop,stroop,1,1.0,True
1676062196.0,32,stroop,stroop,1,1.0,True
1676062197.0,32,stroop,stroop,1,1.0,True
1676062198.0,32,stroop,stroop,1,1.0,True
1676062199.0,32,stroop,stroop,1,1.0,True
1676062200.0,32,stroop,stroop,1,1.0,True
1676062201.0,32,stroop,stroop,1,1.0,True
1676062202.0,32,stroop,stroop,1,1.0,True
1676062203.0,32,stroop,stroop,1,1.0,True
1676062204.0,32,stroop,stroop,1,1.0,True
1676062205.0,32,stroop,stroop,1,1.0,True
1676062206.0,32,stroop,stroop,1,1.0,True
1676062207.0,32,stroop,stroop,1,1.0,True
1676062208.0,32,stroop,stroop,1,1.0,True
1676062209.0,32,stroop,stroop,1,1.0,True
1676062210.0,32,stroop,stroop,1,1.0,True
1676062211.0,32,stroop,stroop,1,1.0,True
1676062212.0,32,stroop,stroop,1,1.0,True
1676062213.0,32,stroop,stroop,1,1.0,True
1676062214.0,32,stroop,stroop,1,1.0,True
1676062215.0,32,stroop,stroop,1,1.0,True
1676062216.0,32,stroop,stroop,1,1.0,True
1676062217.0,32,stroop,stroop,1,1.0,True
1676062218.0,32,stroop,stroop,1,1.0,True
1676062219.0,32,stroop,stroop,1,1.0,True
1676062220.0,32,stroop,stroop,1,1.0,True
1676062221.0,32,stroop,stroop,1,1.0,True
1676062222.0,32,stroop,stroop,1,1.0,True
1676062223.0,32,stroop,stroop,1,1.0,True
1676062224.0,32,stroop,stroop,1,1.0,True
1676062225.0,32,stroop,stroop,1,1.0,True
1676062226.0,32,stroop,stroop,1,1.0,True
1676062227.0,32,stroop,stroop,1,1.0,True
1676062228.0,32,stroop,stroop,1,1.0,True
1676062229.0,32,stroop,stroop,1,1.0,True
1676062230.0,32,stroop,stroop,1,1.0,True
1676062231.0,32,stroop,stroop,1,1.0,True
1676062232.0,32,stroop,stroop,1,1.0,True
1676062233.0,32,stroop,stroop,1,1.0,True
1676062234.0,32,stroop,stroop,1,1.0,True
1676062235.0,32,stroop,stroop,1,1.0,True
1676062236.0,32,stroop,stroop,1,1.0,True
1676062237.0,32,stroop,stroop,1,1.0,True
1676062238.0,32,stroop,stroop,1,1.0,True
1676062239.0,32,stroop,stroop,1,1.0,True
1676062240.0,32,stroop,stroop,1,1.0,True
1676062241.0,32,stroop,stroop,1,1.0,True
1676062242.0,32,stroop,stroop,1,1.0,True
1676062243.0,32,stroop,stroop,1,1.0,True
1676062244.0,32,stroop,stroop,1,1.0,True
1676062245.0,32,stroop,stroop,1,1.0,True
1676062246.0,32,stroop,stroop,1,1.0,True
1676062247.0,32,stroop,stroop,1,1.0,True
1676062248.0,32,stroop,stroop,1,1.0,True
1676062249.0,32,stroop,stroop,1,1.0,True
1676062250.0,32,stroop,stroop,1,1.0,True
1676062251.0,32,stroop,stroop,1,1.0,True
1676062252.0,32,stroop,stroop,1,1.0,True
1676062253.0,32,stroop,stroop,1,1.0,True
1676062254.0,32,stroop,stroop,1,1.0,True
1676062255.0,32,stroop,stroop,1,1.0,True
1676062256.0,32,stroop,stroop,1,1.0,True
1676062257.0,32,stroop,stroop,1,1.0,True
1676062258.0,32,stroop,stroop,1,1.0,True
1676062259.0,32,stroop,stroop,1,1.0,True
1676062260.0,32,stroop,stroop,1,1.0,True
1676062261.0,32,stroop,stroop,1,1.0,True
1676062262.0,32,stroop,stroop,1,1.0,True
1676062263.0,32,stroop,stroop,1,1.0,True
1676062264.0,32,stroop,stroop,1,1.0,True
1676062265.0,32,stroop,stroop,1,1.0,True
1676062266.0,32,stroop,stroop,1,1.0,True
1676062267.0,32,stroop,stroop,1,1.0,True
1676062268.0,32,stroop,stroop,1,1.0,True
1676062269.0,32,stroop,stroop,1,1.0,True
1676062270.0,32,stroop,stroop,1,1.0,True
1676062271.0,32,stroop,stroop,1,1.0,True
1676062272.0,32,stroop,stroop,1,1.0,True
1676062273.0,32,stroop,stroop,1,1.0,True
1676062274.0,32,stroop,stroop,1,1.0,True
1676062275.0,32,stroop,stroop,1,1.0,True
1676062276.0,32,stroop,stroop,1,1.0,True
1676062277.0,32,stroop,stroop,1,1.0,True
1676062278.0,32,stroop,stroop,1,1.0,True
1676062279.0,32,stroop,stroop,1,1.0,True
1676062280.0,32,stroop,stroop,1,1.0,True
1676062281.0,32,stroop,stroop,1,1.0,True
1676062282.0,32,stroop,stroop,1,1.0,True
1676062283.0,32,stroop,stroop,1,1.0,True
1676062284.0,32,stroop,stroop,1,1.0,True
1676062285.0,32,stroop,stroop,1,1.0,True
1676062286.0,32,stroop,stroop,1,1.0,True
1676062287.0,32,stroop,stroop,1,1.0,True
1676062288.0,32,stroop,stroop,1,1.0,True
1676062289.0,32,stroop,stroop,1,1.0,True
1676062290.0,32,stroop,stroop,1,1.0,True
1676062291.0,32,stroop,stroop,1,1.0,True
1676062292.0,32,stroop,stroop,1,1.0,True
1676062293.0,32,None,None,1,1.0,True
1676062294.0,32,None,None,1,1.0,True
1676062295.0,32,None,None,1,1.0,True
1676062296.0,32,None,None,1,1.0,True
1676062297.0,32,None,None,1,1.0,True
1676062298.0,32,None,None,1,1.0,True
1676062299.0,32,None,None,1,1.0,True
1676062300.0,32,None,None,1,1.0,True
1676062301.0,32,None,None,1,1.0,True
1676062302.0,32,None,None,1,1.0,True
1676062303.0,32,None,None,1,1.0,True
1676062304.0,32,None,None,1,1.0,True
1676062305.0,32,None,None,1,1.0,True
1676062306.0,32,arithmetic,arithmetic,1,1.0,True
1676062307.0,32,arithmetic,arithmetic,1,1.0,True
1676062308.0,32,arithmetic,arithmetic,1,1.0,True
1676062309.0,32,arithmetic,arithmetic,1,1.0,True
1676062310.0,32,arithmetic,arithmetic,1,1.0,True
1676062311.0,32,arithmetic,arithmetic,1,1.0,True
1676062312.0,32,arithmetic,arithmetic,1,1.0,True
1676062313.0,32,arithmetic,arithmetic,1,1.0,True
1676062314.0,32,arithmetic,arithmetic,1,1.0,True
1676062315.0,32,arithmetic,arithmetic,1,1.0,True
1676062316.0,32,arithmetic,arithmetic,1,1.0,True
1676062317.0,32,arithmetic,arithmetic,1,1.0,True
1676062318.0,32,arithmetic,arithmetic,1,1.0,True
1676062319.0,32,arithmetic,arithmetic,1,1.0,True
1676062320.0,32,arithmetic,arithmetic,1,1.0,True
1676062321.0,32,arithmetic,arithmetic,1,1.0,True
1676062322.0,32,arithmetic,arithmetic,1,1.0,True
1676062323.0,32,arithmetic,arithmetic,1,1.0,True
1676062324.0,32,arithmetic,arithmetic,1,1.0,True
1676062325.0,32,arithmetic,arithmetic,1,1.0,True
1676062326.0,32,arithmetic,arithmetic,1,1.0,True
1676062327.0,32,arithmetic,arithmetic,1,1.0,True
1676062328.0,32,arithmetic,arithmetic,1,1.0,True
1676062329.0,32,arithmetic,arithmetic,1,1.0,True
1676062330.0,32,arithmetic,arithmetic,1,1.0,True
1676062331.0,32,arithmetic,arithmetic,1,1.0,True
1676062332.0,32,arithmetic,arithmetic,1,1.0,True
1676062333.0,32,arithmetic,arithmetic,1,1.0,True
1676062334.0,32,arithmetic,arithmetic,1,1.0,True
1676062335.0,32,arithmetic,arithmetic,1,1.0,True
1676062336.0,32,arithmetic,arithmetic,1,1.0,True
1676062337.0,32,arithmetic,arithmetic,1,1.0,True
1676062338.0,32,arithmetic,arithmetic,1,1.0,True
1676062339.0,32,arithmetic,arithmetic,1,1.0,True
1676062340.0,32,arithmetic,arithmetic,1,1.0,True
1676062341.0,32,arithmetic,arithmetic,1,1.0,True
1676062342.0,32,arithmetic,arithmetic,1,1.0,True
1676062343.0,32,arithmetic,arithmetic,1,1.0,True
1676062344.0,32,arithmetic,arithmetic,1,1.0,True
1676062345.0,32,arithmetic,arithmetic,1,1.0,True
1676062346.0,32,arithmetic,arithmetic,1,1.0,True
1676062347.0,32,arithmetic,arithmetic,1,1.0,True
1676062348.0,32,arithmetic,arithmetic,1,1.0,True
1676062349.0,32,arithmetic,arithmetic,1,1.0,True
1676062350.0,32,arithmetic,arithmetic,1,1.0,True
1676062351.0,32,arithmetic,arithmetic,1,1.0,True
1676062352.0,32,arithmetic,arithmetic,1,1.0,True
1676062353.0,32,arithmetic,arithmetic,1,1.0,True
1676062354.0,32,arithmetic,arithmetic,1,1.0,True
1676062355.0,32,arithmetic,arithmetic,1,1.0,True
1676062356.0,32,arithmetic,arithmetic,1,1.0,True
1676062357.0,32,arithmetic,arithmetic,1,1.0,True
1676062358.0,32,arithmetic,arithmetic,1,1.0,True
1676062359.0,32,arithmetic,arithmetic,1,1.0,True
1676062360.0,32,arithmetic,arithmetic,1,1.0,True
1676062361.0,32,arithmetic,arithmetic,1,1.0,True
1676062362.0,32,arithmetic,arithmetic,1,1.0,True
1676062363.0,32,arithmetic,arithmetic,1,1.0,True
1676062364.0,32,arithmetic,arithmetic,1,1.0,True
1676062365.0,32,arithmetic,arithmetic,1,1.0,True
1676062366.0,32,arithmetic,arithmetic,1,1.0,True
1676062367.0,32,arithmetic,arithmetic,1,1.0,True
1676062368.0,32,arithmetic,arithmetic,1,1.0,True
1676062369.0,32,arithmetic,arithmetic,1,1.0,True
1676062370.0,32,arithmetic,arithmetic,1,1.0,True
1676062371.0,32,arithmetic,arithmetic,1,1.0,True
1676062372.0,32,arithmetic,arithmetic,1,1.0,True
1676062373.0,32,arithmetic,arithmetic,1,1.0,True
1676062374.0,32,arithmetic,arithmetic,1,1.0,True
1676062375.0,32,arithmetic,arithmetic,1,1.0,True
1676062376.0,32,arithmetic,arithmetic,1,1.0,True
1676062377.0,32,arithmetic,arithmetic,1,1.0,True
1676062378.0,32,arithmetic,arithmetic,1,1.0,True
1676062379.0,32,arithmetic,arithmetic,1,1.0,True
1676062380.0,32,arithmetic,arithmetic,1,1.0,True
1676062381.0,32,arithmetic,arithmetic,1,1.0,True
1676062382.0,32,arithmetic,arithmetic,1,1.0,True
1676062383.0,32,arithmetic,arithmetic,1,1.0,True
1676062384.0,32,arithmetic,arithmetic,1,1.0,True
1676062385.0,32,arithmetic,arithmetic,1,1.0,True
1676062386.0,32,arithmetic,arithmetic,1,1.0,True
1676062387.0,32,arithmetic,arithmetic,1,1.0,True
1676062388.0,32,arithmetic,arithmetic,1,1.0,True
1676062389.0,32,arithmetic,arithmetic,1,1.0,True
1676062390.0,32,arithmetic,arithmetic,1,1.0,True
1676062391.0,32,arithmetic,arithmetic,1,1.0,True
1676062392.0,32,arithmetic,arithmetic,1,1.0,True
1676062393.0,32,arithmetic,arithmetic,1,1.0,True
1676062394.0,32,arithmetic,arithmetic,1,1.0,True
1676062395.0,32,arithmetic,arithmetic,1,1.0,True
1676062396.0,32,arithmetic,arithmetic,1,1.0,True
1676062397.0,32,arithmetic,arithmetic,1,1.0,True
1676062398.0,32,arithmetic,arithmetic,1,1.0,True
1676062399.0,32,arithmetic,arithmetic,1,1.0,True
1676062400.0,32,arithmetic,arithmetic,1,1.0,True
1676062401.0,32,arithmetic,arithmetic,1,1.0,True
1676062402.0,32,arithmetic,arithmetic,1,1.0,True
1676062403.0,32,arithmetic,arithmetic,1,1.0,True
1676062404.0,32,arithmetic,arithmetic,1,1.0,True
1676062405.0,32,arithmetic,arithmetic,1,1.0,True
1676062406.0,32,arithmetic,arithmetic,1,1.0,True
1676062407.0,32,arithmetic,arithmetic,1,1.0,True
1676062408.0,32,arithmetic,arithmetic,1,1.0,True
1676062409.0,32,arithmetic,arithmetic,1,1.0,True
1676062410.0,32,arithmetic,arithmetic,1,1.0,True
1676062411.0,32,arithmetic,arithmetic,1,1.0,True
1676062412.0,32,arithmetic,arithmetic,1,1.0,True
1676062413.0,32,arithmetic,arithmetic,1,1.0,True
1676062414.0,32,arithmetic,arithmetic,1,1.0,True
1676062415.0,32,arithmetic,arithmetic,1,1.0,True
1676062416.0,32,arithmetic,arithmetic,1,1.0,True
1676062417.0,32,arithmetic,arithmetic,1,1.0,True
1676062418.0,32,arithmetic,arithmetic,1,1.0,True
1676062419.0,32,arithmetic,arithmetic,1,1.0,True
1676062420.0,32,arithmetic,arithmetic,1,1.0,True
1676062421.0,32,arithmetic,arithmetic,1,1.0,True
1676062422.0,32,arithmetic,arithmetic,1,1.0,True
1676062423.0,32,arithmetic,arithmetic,1,1.0,True
1676062424.0,32,arithmetic,arithmetic,1,1.0,True
1676062425.0,32,arithmetic,arithmetic,1,1.0,True
1676062426.0,32,arithmetic,arithmetic,1,1.0,True
1676062427.0,32,arithmetic,arithmetic,1,1.0,True
1676062428.0,32,arithmetic,arithmetic,1,1.0,True
1676062429.0,32,arithmetic,arithmetic,1,1.0,True
1676062430.0,32,arithmetic,arithmetic,1,1.0,True
1676062431.0,32,arithmetic,arithmetic,1,1.0,True
1676062432.0,32,arithmetic,arithmetic,1,1.0,True
1676062433.0,32,arithmetic,arithmetic,1,1.0,True
1676062434.0,32,arithmetic,arithmetic,1,1.0,True
1676062435.0,32,arithmetic,arithmetic,1,1.0,True
1676062436.0,32,arithmetic,arithmetic,1,1.0,True
1676062437.0,32,arithmetic,arithmetic,1,1.0,True
1676062438.0,32,arithmetic,arithmetic,1,1.0,True
1676062439.0,32,arithmetic,arithmetic,1,1.0,True
1676062440.0,32,arithmetic,arithmetic,1,1.0,True
1676062441.0,32,arithmetic,arithmetic,1,1.0,True
1676062442.0,32,arithmetic,arithmetic,1,1.0,True
1676062443.0,32,arithmetic,arithmetic,1,1.0,True
1676062444.0,32,arithmetic,arithmetic,1,1.0,True
1676062445.0,32,arithmetic,arithmetic,1,1.0,True
1676062446.0,32,arithmetic,arithmetic,1,1.0,True
1676062447.0,32,arithmetic,arithmetic,1,1.0,True
1676062448.0,32,arithmetic,arithmetic,1,1.0,True
1676062449.0,32,arithmetic,arithmetic,1,1.0,True
1676062450.0,32,arithmetic,arithmetic,1,1.0,True
1676062451.0,32,arithmetic,arithmetic,1,1.0,True
1676062452.0,32,arithmetic,arithmetic,1,1.0,True
1676062453.0,32,arithmetic,arithmetic,1,1.0,True
1676062454.0,32,arithmetic,arithmetic,1,1.0,True
1676062455.0,32,arithmetic,arithmetic,1,1.0,True
1676062456.0,32,arithmetic,arithmetic,1,1.0,True
1676062457.0,32,arithmetic,arithmetic,1,1.0,True
1676062458.0,32,arithmetic,arithmetic,1,1.0,True
1676062459.0,32,arithmetic,arithmetic,1,1.0,True
1676062460.0,32,arithmetic,arithmetic,1,1.0,True
1676062461.0,32,arithmetic,arithmetic,1,1.0,True
1676062462.0,32,arithmetic,arithmetic,1,1.0,True
1676062463.0,32,arithmetic,arithmetic,1,1.0,True
1676062464.0,32,arithmetic,arithmetic,1,1.0,True
1676062465.0,32,arithmetic,arithmetic,1,1.0,True
1676062466.0,32,arithmetic,arithmetic,1,1.0,True
1676062467.0,32,arithmetic,arithmetic,1,1.0,True
1676062468.0,32,arithmetic,arithmetic,1,1.0,True
1676062469.0,32,arithmetic,arithmetic,1,1.0,True
1676062470.0,32,arithmetic,arithmetic,1,1.0,True
1676062471.0,32,arithmetic,arithmetic,1,1.0,True
1676062472.0,32,arithmetic,arithmetic,1,1.0,True
1676062473.0,32,arithmetic,arithmetic,1,1.0,True
1676062474.0,32,arithmetic,arithmetic,1,1.0,True
1676062475.0,32,arithmetic,arithmetic,1,1.0,True
1676062476.0,32,arithmetic,arithmetic,1,1.0,True
1676062477.0,32,arithmetic,arithmetic,1,1.0,True
1676062478.0,32,arithmetic,arithmetic,1,1.0,True
1676062479.0,32,arithmetic,arithmetic,1,1.0,True
1676062480.0,32,arithmetic,arithmetic,1,1.0,True
1676062481.0,32,arithmetic,arithmetic,1,1.0,True
1676062482.0,32,arithmetic,arithmetic,1,1.0,True
1676062483.0,32,arithmetic,arithmetic,1,1.0,True
1676062484.0,32,arithmetic,arithmetic,1,1.0,True
1676062485.0,32,arithmetic,arithmetic,1,1.0,True
1676062486.0,32,arithmetic,arithmetic,1,1.0,True
1676062487.0,32,arithmetic,arithmetic,1,1.0,True
1676062488.0,32,None,None,1,1.0,True
1676062489.0,32,None,None,1,1.0,True
1676062490.0,32,None,None,1,1.0,True
1676062491.0,32,stress,stress,1,1.0,True
1676062492.0,32,stress,stress,1,1.0,True
1676062493.0,32,stress,stress,1,1.0,True
1676062494.0,32,stress,stress,1,1.0,True
1676062495.0,32,stress,stress,1,1.0,True
1676062496.0,32,stress,stress,1,1.0,True
1676062497.0,32,stress,stress,1,1.0,True
1676062498.0,32,stress,stress,1,1.0,True
1676062499.0,32,stress,stress,1,1.0,True
1676062500.0,32,stress,stress,1,1.0,True
1676062501.0,32,stress,stress,1,1.0,True
1676062502.0,32,stress,stress,1,1.0,True
1676062503.0,32,stress,stress,1,1.0,True
1676062504.0,32,stress,stress,1,1.0,True
1676062505.0,32,stress,stress,1,1.0,True
1676062506.0,32,stress,stress,1,1.0,True
1676062507.0,32,stress,stress,1,1.0,True
1676062508.0,32,stress,stress,1,1.0,True
1676062509.0,32,stress,stress,1,1.0,True
1676062510.0,32,stress,stress,1,1.0,True
1676062511.0,32,stress,stress,1,1.0,True
1676062512.0,32,stress,stress,1,1.0,True
1676062513.0,32,stress,stress,1,1.0,True
1676062514.0,32,stress,stress,1,1.0,True
1676062515.0,32,stress,stress,1,1.0,True
1676062516.0,32,stress,stress,1,1.0,True
1676062517.0,32,stress,stress,1,1.0,True
1676062518.0,32,stress,stress,1,1.0,True
1676062519.0,32,stress,stress,1,1.0,True
1676062520.0,32,stress,stress,1,1.0,True
1676062521.0,32,stress,stress,1,1.0,True
1676062522.0,32,stress,stress,1,1.0,True
1676062523.0,32,stress,stress,1,1.0,True
1676062524.0,32,stress,stress,1,1.0,True
1676062525.0,32,stress,stress,1,1.0,True
1676062526.0,32,stress,stress,1,1.0,True
1676062527.0,32,stress,stress,1,1.0,True
1676062528.0,32,stress,stress,1,1.0,True
1676062529.0,32,stress,stress,1,1.0,True
1676062530.0,32,stress,stress,1,1.0,True
1676062531.0,32,stress,stress,1,1.0,True
1676062532.0,32,stress,stress,1,1.0,True
1676062533.0,32,stress,stress,1,1.0,True
1676062534.0,32,stress,stress,1,1.0,True
1676062535.0,32,stress,stress,1,1.0,True
1676062536.0,32,stress,stress,1,1.0,True
1676062537.0,32,stress,stress,1,1.0,True
1676062538.0,32,stress,stress,1,1.0,True
1676062539.0,32,stress,stress,1,1.0,True
1676062540.0,32,stress,stress,1,1.0,True
1676062541.0,32,stress,stress,1,1.0,True
1676062542.0,32,stress,stress,1,1.0,True
1676062543.0,32,stress,stress,1,1.0,True
1676062544.0,32,stress,stress,1,1.0,True
1676062545.0,32,stress,stress,1,1.0,True
1676062546.0,32,stress,stress,1,1.0,True
1676062547.0,32,stress,stress,1,1.0,True
1676062548.0,32,stress,stress,1,1.0,True
1676062549.0,32,stress,stress,1,1.0,True
1676062550.0,32,stress,stress,1,1.0,True
1676062551.0,32,stress,stress,1,1.0,True
1676062552.0,32,stress,stress,1,1.0,True
1676062553.0,32,stress,stress,1,1.0,True
1676062554.0,32,stress,stress,1,1.0,True
1676062555.0,32,stress,stress,1,1.0,True
1676062556.0,32,stress,stress,1,1.0,True
1676062557.0,32,stress,stress,1,1.0,True
1676062558.0,32,stress,stress,1,1.0,True
1676062559.0,32,stress,stress,1,1.0,True
1676062560.0,32,stress,stress,1,1.0,True
1676062561.0,32,stress,stress,1,1.0,True
1676062562.0,32,stress,stress,1,1.0,True
1676062563.0,32,stress,stress,1,1.0,True
1676062564.0,32,stress,stress,1,1.0,True
1676062565.0,32,stress,stress,1,1.0,True
1676062566.0,32,stress,stress,1,1.0,True
1676062567.0,32,stress,stress,1,1.0,True
1676062568.0,32,stress,stress,1,1.0,True
1676062569.0,32,stress,stress,1,1.0,True
1676062570.0,32,stress,stress,1,1.0,True
1676062571.0,32,stress,stress,1,1.0,True
1676062572.0,32,stress,stress,1,1.0,True
1676062573.0,32,stress,stress,1,1.0,True
1676062574.0,32,stress,stress,1,1.0,True
1676062575.0,32,stress,stress,1,1.0,True
1676062576.0,32,stress,stress,1,1.0,True
1676062577.0,32,stress,stress,1,1.0,True
1676062578.0,32,stress,stress,1,1.0,True
1676062579.0,32,stress,stress,1,1.0,True
1676062580.0,32,stress,stress,1,1.0,True
1676062581.0,32,stress,stress,1,1.0,True
1676062582.0,32,stress,stress,1,1.0,True
1676062583.0,32,stress,stress,1,1.0,True
1676062584.0,32,stress,stress,1,1.0,True
1676062585.0,32,stress,stress,1,1.0,True
1676062586.0,32,stress,stress,1,1.0,True
1676062587.0,32,stress,stress,1,1.0,True
1676062588.0,32,stress,stress,1,1.0,True
1676062589.0,32,stress,stress,1,1.0,True
1676062590.0,32,stress,stress,1,1.0,True
1676062591.0,32,stress,stress,1,1.0,True
1676062592.0,32,stress,stress,1,1.0,True
1676062593.0,32,stress,stress,1,1.0,True
1676062594.0,32,stress,stress,1,1.0,True
1676062595.0,32,stress,stress,1,1.0,True
1676062596.0,32,stress,stress,1,1.0,True
1676062597.0,32,stress,stress,1,1.0,True
1676062598.0,32,stress,stress,1,1.0,True
1676062599.0,32,stress,stress,1,1.0,True
1676062600.0,32,stress,stress,1,1.0,True
1676062601.0,32,stress,stress,1,1.0,True
1676062602.0,32,stress,stress,1,1.0,True
1676062603.0,32,stress,stress,1,1.0,True
1676062604.0,32,stress,stress,1,1.0,True
1676062605.0,32,stress,stress,1,1.0,True
1676062606.0,32,stress,stress,1,1.0,True
1676062607.0,32,stress,stress,1,1.0,True
1676062608.0,32,stress,stress,1,1.0,True
1676062609.0,32,stress,stress,1,1.0,True
1676062610.0,32,stress,stress,1,1.0,True
1676062611.0,32,stress,stress,1,1.0,True
1676062612.0,32,stress,stress,1,1.0,True
1676062613.0,32,stress,stress,1,1.0,True
1676062614.0,32,stress,stress,1,1.0,True
1676062615.0,32,stress,stress,1,1.0,True
1676062616.0,32,stress,stress,1,1.0,True
1676062617.0,32,stress,stress,1,1.0,True
1676062618.0,32,stress,stress,1,1.0,True
1676062619.0,32,stress,stress,1,1.0,True
1676062620.0,32,stress,stress,1,1.0,True
1676062621.0,32,stress,stress,1,1.0,True
1676062622.0,32,stress,stress,1,1.0,True
1676062623.0,32,stress,stress,1,1.0,True
1676062624.0,32,stress,stress,1,1.0,True
1676062625.0,32,stress,stress,1,1.0,True
1676062626.0,32,stress,stress,1,1.0,True
1676062627.0,32,stress,stress,1,1.0,True
1676062628.0,32,stress,stress,1,1.0,True
1676062629.0,32,stress,stress,1,1.0,True
1676062630.0,32,stress,stress,1,1.0,True
1676062631.0,32,stress,stress,1,1.0,True
1676062632.0,32,stress,stress,1,1.0,True
1676062633.0,32,stress,stress,1,1.0,True
1676062634.0,32,stress,stress,1,1.0,True
1676062635.0,32,stress,stress,1,1.0,True
1676062636.0,32,stress,stress,1,1.0,True
1676062637.0,32,stress,stress,1,1.0,True
1676062638.0,32,stress,stress,1,1.0,True
1676062639.0,32,stress,stress,1,1.0,True
1676062640.0,32,stress,stress,1,1.0,True
1676062641.0,32,stress,stress,1,1.0,True
1676062642.0,32,stress,stress,1,1.0,True
1676062643.0,32,stress,stress,1,1.0,True
1676062644.0,32,stress,stress,1,1.0,True
1676062645.0,32,stress,stress,1,1.0,True
1676062646.0,32,stress,stress,1,1.0,True
1676062647.0,32,stress,stress,1,1.0,True
1676062648.0,32,stress,stress,1,1.0,True
1676062649.0,32,stress,stress,1,1.0,True
1676062650.0,32,stress,stress,1,1.0,True
1676062651.0,32,stress,stress,1,1.0,True
1676062652.0,32,stress,stress,1,1.0,True
1676062653.0,32,stress,stress,1,1.0,True
1676062654.0,32,stress,stress,1,1.0,True
1676062655.0,32,stress,stress,1,1.0,True
1676062656.0,32,stress,stress,1,1.0,True
1676062657.0,32,stress,stress,1,1.0,True
1676062658.0,32,stress,stress,1,1.0,True
1676062659.0,32,stress,stress,1,1.0,True
1676062660.0,32,stress,stress,1,1.0,True
1676062661.0,32,stress,stress,1,1.0,True
1676062662.0,32,stress,stress,1,1.0,True
1676062663.0,32,stress,stress,1,1.0,True
1676062664.0,32,stress,stress,1,1.0,True
1676062665.0,32,stress,stress,1,1.0,True
1676062666.0,32,stress,stress,1,1.0,True
1676062667.0,32,stress,stress,1,1.0,True
1676062668.0,32,stress,stress,1,1.0,True
1676062669.0,32,stress,stress,1,1.0,True
1676062670.0,32,stress,stress,1,1.0,True
1676062671.0,32,stress,stress,1,1.0,True
1676062672.0,32,stress,stress,1,1.0,True
1676062673.0,32,stress,stress,1,1.0,True
1676062674.0,32,stress,stress,1,1.0,True
1676062675.0,32,stress,stress,1,1.0,True
1676062676.0,32,stress,stress,1,1.0,True
1676062677.0,32,stress,stress,1,1.0,True
1676062678.0,32,stress,stress,1,1.0,True
1676062679.0,32,stress,stress,1,1.0,True
1676062680.0,32,stress,stress,1,1.0,True
1676062681.0,32,stress,stress,1,1.0,True
1676062682.0,32,stress,stress,1,1.0,True
1676062683.0,32,stress,stress,1,1.0,True
1676062684.0,32,stress,stress,1,1.0,True
1676062685.0,32,stress,stress,1,1.0,True
1676062686.0,32,stress,stress,1,1.0,True
1676062687.0,32,stress,stress,1,1.0,True
1676062688.0,32,stress,stress,1,1.0,True
1676062689.0,32,stress,stress,1,1.0,True
1676062690.0,32,stress,stress,1,1.0,True
1676062691.0,32,stress,stress,1,1.0,True
1676062692.0,32,stress,stress,1,1.0,True
1676062693.0,32,stress,stress,1,1.0,True
1676062694.0,32,stress,stress,1,1.0,True
1676062695.0,32,stress,stress,1,1.0,True
1676062696.0,32,stress,stress,1,1.0,True
1676062697.0,32,stress,stress,1,1.0,True
1676062698.0,32,stress,stress,1,1.0,True
1676062699.0,32,stress,stress,1,1.0,True
1676062700.0,32,stress,stress,1,1.0,True
1676062701.0,32,stress,stress,1,1.0,True
1676062702.0,32,stress,stress,1,1.0,True
1676062703.0,32,stress,stress,1,1.0,True
1676062704.0,32,stress,stress,1,1.0,True
1676062705.0,32,stress,stress,1,1.0,True
1676062706.0,32,stress,stress,1,1.0,True
1676062707.0,32,stress,stress,1,1.0,True
1676062708.0,32,stress,stress,1,1.0,True
1676062709.0,32,stress,stress,1,1.0,True
1676062710.0,32,stress,stress,1,1.0,True
1676062711.0,32,stress,stress,1,1.0,True
1676062712.0,32,stress,stress,1,1.0,True
1676062713.0,32,stress,stress,1,1.0,True
1676062714.0,32,stress,stress,1,1.0,True
1676062715.0,32,stress,stress,1,1.0,True
1676062716.0,32,stress,stress,1,1.0,True
1676062717.0,32,stress,stress,1,1.0,True
1676062718.0,32,stress,stress,1,1.0,True
1676062719.0,32,stress,stress,1,1.0,True
1676062720.0,32,stress,stress,1,1.0,True
1676062721.0,32,stress,stress,1,1.0,True
1676062722.0,32,stress,stress,1,1.0,True
1676062723.0,32,stress,stress,1,1.0,True
1676062724.0,32,stress,stress,1,1.0,True
1676062725.0,32,stress,stress,1,1.0,True
1676062726.0,32,stress,stress,1,1.0,True
1676062727.0,32,stress,stress,1,1.0,True
1676062728.0,32,stress,stress,1,1.0,True
1676062729.0,32,stress,stress,1,1.0,True
1676062730.0,32,stress,stress,1,1.0,True
1676062731.0,32,stress,stress,1,1.0,True
1676062732.0,32,stress,stress,1,1.0,True
1676062733.0,32,stress,stress,1,1.0,True
1676062734.0,32,stress,stress,1,1.0,True
1676062735.0,32,stress,stress,1,1.0,True
1676062736.0,32,stress,stress,1,1.0,True
1676062737.0,32,stress,stress,1,1.0,True
1676062738.0,32,stress,stress,1,1.0,True
1676062739.0,32,stress,stress,1,1.0,True
1676062740.0,32,stress,stress,1,1.0,True
1676062741.0,32,stress,stress,1,1.0,True
1676062742.0,32,stress,stress,1,1.0,True
1676062743.0,32,stress,stress,1,1.0,True
1676062744.0,32,stress,stress,1,1.0,True
1676062745.0,32,stress,stress,1,1.0,True
1676062746.0,32,stress,stress,1,1.0,True
1676062747.0,32,stress,stress,1,1.0,True
1676062748.0,32,stress,stress,1,1.0,True
1676062749.0,32,stress,stress,1,1.0,True
1676062750.0,32,stress,stress,1,1.0,True
1676062751.0,32,stress,stress,1,1.0,True
1676062752.0,32,stress,stress,1,1.0,True
1676062753.0,32,stress,stress,1,1.0,True
1676062754.0,32,stress,stress,1,1.0,True
1676062755.0,32,stress,stress,1,1.0,True
1676062756.0,32,stress,stress,1,1.0,True
1676062757.0,32,stress,stress,1,1.0,True
1676062758.0,32,stress,stress,1,1.0,True
1676062759.0,32,stress,stress,1,1.0,True
1676062760.0,32,stress,stress,1,1.0,True
1676062761.0,32,stress,stress,1,1.0,True
1676062762.0,32,stress,stress,1,1.0,True
1676062763.0,32,stress,stress,1,1.0,True
1676062764.0,32,stress,stress,1,1.0,True
1676062765.0,32,stress,stress,1,1.0,True
1676062766.0,32,stress,stress,1,1.0,True
1676062767.0,32,stress,stress,1,1.0,True
1676062768.0,32,stress,stress,1,1.0,True
1676062769.0,32,stress,stress,1,1.0,True
1676062770.0,32,stress,stress,1,1.0,True
1676062771.0,32,stress,stress,1,1.0,True
1676062772.0,32,stress,stress,1,1.0,True
1676062773.0,32,stress,stress,1,1.0,True
1676062774.0,32,stress,stress,1,1.0,True
1676062775.0,32,stress,stress,1,1.0,True
1676062776.0,32,stress,stress,1,1.0,True
1676062777.0,32,stress,stress,1,1.0,True
1676062778.0,32,stress,stress,1,1.0,True
1676062779.0,32,stress,stress,1,1.0,True
1676062780.0,32,stress,stress,1,1.0,True
1676062781.0,32,stress,stress,1,1.0,True
1676062782.0,32,stress,stress,1,1.0,True
1676062783.0,32,stress,stress,1,1.0,True
1676062784.0,32,stress,stress,1,1.0,True
1676062785.0,32,stress,stress,1,1.0,True
1676062786.0,32,stress,stress,1,1.0,True
1676062787.0,32,stress,stress,1,1.0,True
1676062788.0,32,stress,stress,1,1.0,True
1676062789.0,32,stress,stress,1,1.0,True
1676062790.0,32,stress,stress,1,1.0,True
1676062791.0,32,stress,stress,1,1.0,True
1676062792.0,32,stress,stress,1,1.0,True
1676062793.0,32,stress,stress,1,1.0,True
1676062794.0,32,stress,stress,1,1.0,True
1676062795.0,32,stress,stress,1,1.0,True
1676062796.0,32,stress,stress,1,1.0,True
1676062797.0,32,stress,stress,1,1.0,True
1676062798.0,32,stress,stress,1,1.0,True
1676062799.0,32,stress,stress,1,1.0,True
1676062800.0,32,stress,stress,1,1.0,True
1676062801.0,32,stress,stress,1,1.0,True
1676062802.0,32,stress,stress,1,1.0,True
1676062803.0,32,stress,stress,1,1.0,True
1676062804.0,32,stress,stress,1,1.0,True
1676062805.0,32,stress,stress,1,1.0,True
1676062806.0,32,stress,stress,1,1.0,True
1676062807.0,32,stress,stress,1,1.0,True
1676062808.0,32,stress,stress,1,1.0,True
1676062809.0,32,stress,stress,1,1.0,True
1676062810.0,32,stress,stress,1,1.0,True
1676062811.0,32,stress,stress,1,1.0,True
1676062812.0,32,stress,stress,1,1.0,True
1676062813.0,32,stress,stress,1,1.0,True
1676062814.0,32,stress,stress,1,1.0,True
1676062815.0,32,stress,stress,1,1.0,True
1676062816.0,32,stress,stress,1,1.0,True
1676062817.0,32,stress,stress,1,1.0,True
1676062818.0,32,stress,stress,1,1.0,True
1676062819.0,32,stress,stress,1,1.0,True
1676062820.0,32,stress,stress,1,1.0,True
1676062821.0,32,stress,stress,1,1.0,True
1676062822.0,32,stress,stress,1,1.0,True
1676062823.0,32,stress,stress,1,1.0,True
1676062824.0,32,stress,stress,1,1.0,True
1676062825.0,32,stress,stress,1,1.0,True
1676062826.0,32,stress,stress,1,1.0,True
1676062827.0,32,stress,stress,1,1.0,True
1676062828.0,32,stress,stress,1,1.0,True
1676062829.0,32,stress,stress,1,1.0,True
1676062830.0,32,stress,stress,1,1.0,True
1676062831.0,32,stress,stress,1,1.0,True
1676062832.0,32,stress,stress,1,1.0,True
1676062833.0,32,stress,stress,1,1.0,True
1676062834.0,32,stress,stress,1,1.0,True
1676062835.0,32,stress,stress,1,1.0,True
1676062836.0,32,stress,stress,1,1.0,True
1676062837.0,32,stress,stress,1,1.0,True
1676062838.0,32,None,None,1,1.0,True
1676062839.0,32,None,None,1,1.0,True
1676062840.0,32,None,None,1,1.0,True
1676062841.0,32,None,None,1,1.0,True
1676062842.0,32,None,None,1,1.0,True
1676062843.0,32,None,None,1,1.0,True
1676062844.0,32,None,None,1,1.0,True
1676062845.0,32,None,None,1,1.0,True
1676062846.0,32,None,None,1,1.0,True
1676062847.0,32,None,None,1,1.0,True
1676062848.0,32,None,None,1,1.0,True
1676062849.0,32,None,None,1,1.0,True
1676062850.0,32,None,None,1,1.0,True
1676062851.0,32,None,None,1,1.0,True
1676062852.0,32,None,None,1,1.0,True
1676062853.0,32,None,None,1,1.0,True
1676062854.0,32,None,None,1,1.0,True
1676062855.0,32,None,None,1,1.0,True
1676062856.0,32,bad,bad,1,1.0,True
1676062857.0,32,bad,bad,1,1.0,True
1676062858.0,32,bad,bad,1,1.0,True
1676062859.0,32,bad,bad,1,1.0,True
1676062860.0,32,bad,bad,1,1.0,True
1676062861.0,32,bad,bad,1,1.0,True
1676062862.0,32,bad,bad,1,1.0,True
1676062863.0,32,bad,bad,1,1.0,True
1676062864.0,32,bad,bad,1,1.0,True
1676062865.0,32,bad,bad,1,1.0,True
1676062866.0,32,bad,bad,1,1.0,True
1676062867.0,32,bad,bad,1,1.0,True
1676062868.0,32,bad,bad,1,1.0,True
1676062869.0,32,bad,bad,1,1.0,True
1676062870.0,32,bad,bad,1,1.0,True
1676062871.0,32,bad,bad,1,1.0,True
1676062872.0,32,bad,bad,1,1.0,True
1676062873.0,32,bad,bad,1,1.0,True
1676062874.0,32,bad,bad,1,1.0,True
1676062875.0,32,bad,bad,1,1.0,True
1676062876.0,32,bad,bad,1,1.0,True
1676062877.0,32,bad,bad,1,1.0,True
1676062878.0,32,bad,bad,1,1.0,True
1676062879.0,32,bad,bad,1,1.0,True
1676062880.0,32,bad,bad,1,1.0,True
1676062881.0,32,bad,bad,1,1.0,True
1676062882.0,32,bad,bad,1,1.0,True
1676062883.0,32,bad,bad,1,1.0,True
1676062884.0,32,bad,bad,1,1.0,True
1676062885.0,32,bad,bad,1,1.0,True
1676062886.0,32,bad,bad,1,1.0,True
1676062887.0,32,bad,bad,1,1.0,True
1676062888.0,32,bad,bad,1,1.0,True
1676062889.0,32,bad,bad,1,1.0,True
1676062890.0,32,bad,bad,1,1.0,True
1676062891.0,32,bad,bad,1,1.0,True
1676062892.0,32,bad,bad,1,1.0,True
1676062893.0,32,bad,bad,1,1.0,True
1676062894.0,32,bad,bad,1,1.0,True
1676062895.0,32,bad,bad,1,1.0,True
1676062896.0,32,bad,bad,1,1.0,True
1676062897.0,32,bad,bad,1,1.0,True
1676062898.0,32,bad,bad,1,1.0,True
1676062899.0,32,bad,bad,1,1.0,True
1676062900.0,32,bad,bad,1,1.0,True
1676062901.0,32,bad,bad,1,1.0,True
1676062902.0,32,bad,bad,1,1.0,True
1676062903.0,32,bad,bad,1,1.0,True
1676062904.0,32,bad,bad,1,1.0,True
1676062905.0,32,bad,bad,1,1.0,True
1676062906.0,32,bad,bad,1,1.0,True
1676062907.0,32,bad,bad,1,1.0,True
1676062908.0,32,bad,bad,1,1.0,True
1676062909.0,32,bad,bad,1,1.0,True
1676062910.0,32,bad,bad,1,1.0,True
1676062911.0,32,bad,bad,1,1.0,True
1676062912.0,32,bad,bad,1,1.0,True
1676062913.0,32,bad,bad,1,1.0,True
1676062914.0,32,bad,bad,1,1.0,True
1676062915.0,32,bad,bad,1,1.0,True
1676062916.0,32,bad,bad,1,1.0,True
1676062917.0,32,bad,bad,1,1.0,True
1676062918.0,32,bad,bad,1,1.0,True
1676062919.0,32,bad,bad,1,1.0,True
1676062920.0,32,bad,bad,1,1.0,True
1676062921.0,32,bad,bad,1,1.0,True
1676062922.0,32,bad,bad,1,1.0,True
1676062923.0,32,bad,bad,1,1.0,True
1676062924.0,32,bad,bad,1,1.0,True
1676062925.0,32,bad,bad,1,1.0,True
1676062926.0,32,bad,bad,1,1.0,True
1676062927.0,32,bad,bad,1,1.0,True
1676062928.0,32,bad,bad,1,1.0,True
1676062929.0,32,bad,bad,1,1.0,True
1676062930.0,32,bad,bad,1,1.0,True
1676062931.0,32,bad,bad,1,1.0,True
1676062932.0,32,bad,bad,1,1.0,True
1676062933.0,32,bad,bad,1,1.0,True
1676062934.0,32,bad,bad,1,1.0,True
1676062935.0,32,bad,bad,1,1.0,True
1676062936.0,32,bad,bad,1,1.0,True
1676062937.0,32,bad,bad,1,1.0,True
1676062938.0,32,bad,bad,1,1.0,True
1676062939.0,32,bad,bad,1,1.0,True
1676062940.0,32,bad,bad,1,1.0,True
1676062941.0,32,bad,bad,1,1.0,True
1676062942.0,32,bad,bad,1,1.0,True
1676062943.0,32,bad,bad,1,1.0,True
1676062944.0,32,bad,bad,1,1.0,True
1676062945.0,32,bad,bad,1,1.0,True
1676062946.0,32,bad,bad,1,1.0,True
1676062947.0,32,bad,bad,1,1.0,True
1676062948.0,32,None,None,1,1.0,True
1676062949.0,32,None,None,1,1.0,True
1676062950.0,32,None,None,1,1.0,True
1676062951.0,32,None,None,1,1.0,True
1676062952.0,32,None,None,1,1.0,True
1676062953.0,32,None,None,1,1.0,True
1676062954.0,32,None,None,1,1.0,True
1676062955.0,32,None,None,1,1.0,True
1676062956.0,32,None,None,1,1.0,True
1676062957.0,32,None,None,1,1.0,True
1676062958.0,32,None,None,1,1.0,True
1676062959.0,32,None,None,1,1.0,True
1676062960.0,32,None,None,1,1.0,True
1676062961.0,32,None,None,1,1.0,True
1676062962.0,32,None,None,1,1.0,True
1676062963.0,32,None,None,1,1.0,True
1676062964.0,32,None,None,1,1.0,True
1676062965.0,32,None,None,1,1.0,True
1676062966.0,32,None,None,1,1.0,True
1676062967.0,32,None,None,1,1.0,True
1676062968.0,32,None,None,1,1.0,True
1676062969.0,32,None,None,1,1.0,True
1676062970.0,32,None,None,1,1.0,True
1676062971.0,32,None,None,1,1.0,True
1676062972.0,32,None,None,1,1.0,True
1676062973.0,32,None,None,1,1.0,True
1676062974.0,32,None,None,1,1.0,True
1676062975.0,32,None,None,1,1.0,True
1676062976.0,32,None,None,1,1.0,True
1676062977.0,32,None,None,1,1.0,True
1676062978.0,32,None,None,1,1.0,True
1676062979.0,32,None,None,1,1.0,True
1676062980.0,32,None,None,1,1.0,True
1676062981.0,32,None,None,1,1.0,True
1676062982.0,32,None,None,1,1.0,True
1676062983.0,32,None,None,1,1.0,True
1676062984.0,32,None,None,1,1.0,True
1676062985.0,32,None,None,1,1.0,True
1676062986.0,32,None,None,1,1.0,True
1676062987.0,32,None,None,1,1.0,True
1676062988.0,32,None,None,1,1.0,True
1676062989.0,32,None,None,1,1.0,True
1676062990.0,32,None,None,1,1.0,True
1676062991.0,32,None,None,1,1.0,True
1676062992.0,32,None,None,1,1.0,True
1676062993.0,32,None,None,1,1.0,True
1676062994.0,32,None,None,1,1.0,True
1676062995.0,32,None,None,1,1.0,True
1676062996.0,32,None,None,1,1.0,True
1676062997.0,32,None,None,1,1.0,True
1676062998.0,32,None,None,1,1.0,True
1676062999.0,32,None,None,1,1.0,True
1676063000.0,32,None,None,1,1.0,True
1676063001.0,32,None,None,1,1.0,True
1676063002.0,32,None,None,1,1.0,True
1676063003.0,32,None,None,1,1.0,True
1676063004.0,32,None,None,1,1.0,True
