group,participant_id,source_csv,timestamp_counts_csv,task_segments_csv
Control,0001,/home/harshit/2024/video_data_processing_pipeline/assets/IMU_data/Control/left_0001_acc.csv,/home/harshit/2024/video_data_processing_pipeline/assets/imu_time_inspection/per_participant/Control/0001__timestamp_counts.csv,/home/harshit/2024/video_data_processing_pipeline/assets/imu_time_inspection/per_participant/Control/0001__task_segments.csv
Control,0002,/home/harshit/2024/video_data_processing_pipeline/assets/IMU_data/Control/left_0002_acc.csv,/home/harshit/2024/video_data_processing_pipeline/assets/imu_time_inspection/per_participant/Control/0002__timestamp_counts.csv,/home/harshit/2024/video_data_processing_pipeline/assets/imu_time_inspection/per_participant/Control/0002__task_segments.csv
Control,0003,/home/harshit/2024/video_data_processing_pipeline/assets/IMU_data/Control/left_0003_acc.csv,/home/harshit/2024/video_data_processing_pipeline/assets/imu_time_inspection/per_participant/Control/0003__timestamp_counts.csv,/home/harshit/2024/video_data_processing_pipeline/assets/imu_time_inspection/per_participant/Control/0003__task_segments.csv
Control,0004,/home/harshit/2024/video_data_processing_pipeline/assets/IMU_data/Control/left_0004_acc.csv,/home/harshit/2024/video_data_processing_pipeline/assets/imu_time_inspection/per_participant/Control/0004__timestamp_counts.csv,/home/harshit/2024/video_data_processing_pipeline/assets/imu_time_inspection/per_participant/Control/0004__task_segments.csv
Control,0005,/home/harshit/2024/video_data_processing_pipeline/assets/IMU_data/Control/left_0005_acc.csv,/home/harshit/2024/video_data_processing_pipeline/assets/imu_time_inspection/per_participant/Control/0005__timestamp_counts.csv,/home/harshit/2024/video_data_processing_pipeline/assets/imu_time_inspection/per_participant/Control/0005__task_segments.csv
Control,0006,/home/harshit/2024/video_data_processing_pipeline/assets/IMU_data/Control/left_0006_acc.csv,/home/harshit/2024/video_data_processing_pipeline/assets/imu_time_inspection/per_participant/Control/0006__timestamp_counts.csv,/home/harshit/2024/video_data_processing_pipeline/assets/imu_time_inspection/per_participant/Control/0006__task_segments.csv
Control,0007,/home/harshit/2024/video_data_processing_pipeline/assets/IMU_data/Control/left_0007_acc.csv,/home/harshit/2024/video_data_processing_pipeline/assets/imu_time_inspection/per_participant/Control/0007__timestamp_counts.csv,/home/harshit/2024/video_data_processing_pipeline/assets/imu_time_inspection/per_participant/Control/0007__task_segments.csv
Control,0008,/home/harshit/2024/video_data_processing_pipeline/assets/IMU_data/Control/left_0008_acc.csv,/home/harshit/2024/video_data_processing_pipeline/assets/imu_time_inspection/per_participant/Control/0008__timestamp_counts.csv,/home/harshit/2024/video_data_processing_pipeline/assets/imu_time_inspection/per_participant/Control/0008__task_segments.csv
Control,0009,/home/harshit/2024/video_data_processing_pipeline/assets/IMU_data/Control/left_0009_acc.csv,/home/harshit/2024/video_data_processing_pipeline/assets/imu_time_inspection/per_participant/Control/0009__timestamp_counts.csv,/home/harshit/2024/video_data_processing_pipeline/assets/imu_time_inspection/per_participant/Control/0009__task_segments.csv
Control,0010,/home/harshit/2024/video_data_processing_pipeline/assets/IMU_data/Control/left_0010_acc.csv,/home/harshit/2024/video_data_processing_pipeline/assets/imu_time_inspection/per_participant/Control/0010__timestamp_counts.csv,/home/harshit/2024/video_data_processing_pipeline/assets/imu_time_inspection/per_participant/Control/0010__task_segments.csv
Control,0011,/home/harshit/2024/video_data_processing_pipeline/assets/IMU_data/Control/left_0011_acc.csv,/home/harshit/2024/video_data_processing_pipeline/assets/imu_time_inspection/per_participant/Control/0011__timestamp_counts.csv,/home/harshit/2024/video_data_processing_pipeline/assets/imu_time_inspection/per_participant/Control/0011__task_segments.csv
Control,0012,/home/harshit/2024/video_data_processing_pipeline/assets/IMU_data/Control/left_0012_acc.csv,/home/harshit/2024/video_data_processing_pipeline/assets/imu_time_inspection/per_participant/Control/0012__timestamp_counts.csv,/home/harshit/2024/video_data_processing_pipeline/assets/imu_time_inspection/per_participant/Control/0012__task_segments.csv
Control,0013,/home/harshit/2024/video_data_processing_pipeline/assets/IMU_data/Control/left_0013_acc.csv,/home/harshit/2024/video_data_processing_pipeline/assets/imu_time_inspection/per_participant/Control/0013__timestamp_counts.csv,/home/harshit/2024/video_data_processing_pipeline/assets/imu_time_inspection/per_participant/Control/0013__task_segments.csv
Control,0014,/home/harshit/2024/video_data_processing_pipeline/assets/IMU_data/Control/left_0014_acc.csv,/home/harshit/2024/video_data_processing_pipeline/assets/imu_time_inspection/per_participant/Control/0014__timestamp_counts.csv,/home/harshit/2024/video_data_processing_pipeline/assets/imu_time_inspection/per_participant/Control/0014__task_segments.csv
Control,0015,/home/harshit/2024/video_data_processing_pipeline/assets/IMU_data/Control/left_0015_acc.csv,/home/harshit/2024/video_data_processing_pipeline/assets/imu_time_inspection/per_participant/Control/0015__timestamp_counts.csv,/home/harshit/2024/video_data_processing_pipeline/assets/imu_time_inspection/per_participant/Control/0015__task_segments.csv
Control,0016,/home/harshit/2024/video_data_processing_pipeline/assets/IMU_data/Control/left_0016_acc.csv,/home/harshit/2024/video_data_processing_pipeline/assets/imu_time_inspection/per_participant/Control/0016__timestamp_counts.csv,/home/harshit/2024/video_data_processing_pipeline/assets/imu_time_inspection/per_participant/Control/0016__task_segments.csv
Control,avery,/home/harshit/2024/video_data_processing_pipeline/assets/IMU_data/Control/left_avery_acc.csv,/home/harshit/2024/video_data_processing_pipeline/assets/imu_time_inspection/per_participant/Control/avery__timestamp_counts.csv,/home/harshit/2024/video_data_processing_pipeline/assets/imu_time_inspection/per_participant/Control/avery__task_segments.csv
Control,brian,/home/harshit/2024/video_data_processing_pipeline/assets/IMU_data/Control/left_brian_acc.csv,/home/harshit/2024/video_data_processing_pipeline/assets/imu_time_inspection/per_participant/Control/brian__timestamp_counts.csv,/home/harshit/2024/video_data_processing_pipeline/assets/imu_time_inspection/per_participant/Control/brian__task_segments.csv
Control,carolyn,/home/harshit/2024/video_data_processing_pipeline/assets/IMU_data/Control/left_carolyn_acc.csv,/home/harshit/2024/video_data_processing_pipeline/assets/imu_time_inspection/per_participant/Control/carolyn__timestamp_counts.csv,/home/harshit/2024/video_data_processing_pipeline/assets/imu_time_inspection/per_participant/Control/carolyn__task_segments.csv
Control,christine,/home/harshit/2024/video_data_processing_pipeline/assets/IMU_data/Control/left_christine_acc.csv,/home/harshit/2024/video_data_processing_pipeline/assets/imu_time_inspection/per_participant/Control/christine__timestamp_counts.csv,/home/harshit/2024/video_data_processing_pipeline/assets/imu_time_inspection/per_participant/Control/christine__task_segments.csv
Control,colleen,/home/harshit/2024/video_data_processing_pipeline/assets/IMU_data/Control/left_colleen_acc.csv,/home/harshit/2024/video_data_processing_pipeline/assets/imu_time_inspection/per_participant/Control/colleen__timestamp_counts.csv,/home/harshit/2024/video_data_processing_pipeline/assets/imu_time_inspection/per_participant/Control/colleen__task_segments.csv
Control,coung,/home/harshit/2024/video_data_processing_pipeline/assets/IMU_data/Control/left_coung_acc.csv,/home/harshit/2024/video_data_processing_pipeline/assets/imu_time_inspection/per_participant/Control/coung__timestamp_counts.csv,/home/harshit/2024/video_data_processing_pipeline/assets/imu_time_inspection/per_participant/Control/coung__task_segments.csv
Control,emily,/home/harshit/2024/video_data_processing_pipeline/assets/IMU_data/Control/left_emily_acc.csv,/home/harshit/2024/video_data_processing_pipeline/assets/imu_time_inspection/per_participant/Control/emily__timestamp_counts.csv,/home/harshit/2024/video_data_processing_pipeline/assets/imu_time_inspection/per_participant/Control/emily__task_segments.csv
Control,gabrielle,/home/harshit/2024/video_data_processing_pipeline/assets/IMU_data/Control/left_gabrielle_acc.csv,/home/harshit/2024/video_data_processing_pipeline/assets/imu_time_inspection/per_participant/Control/gabrielle__timestamp_counts.csv,/home/harshit/2024/video_data_processing_pipeline/assets/imu_time_inspection/per_participant/Control/gabrielle__task_segments.csv
Control,georgie,/home/harshit/2024/video_data_processing_pipeline/assets/IMU_data/Control/left_georgie_acc.csv,/home/harshit/2024/video_data_processing_pipeline/assets/imu_time_inspection/per_participant/Control/georgie__timestamp_counts.csv,/home/harshit/2024/video_data_processing_pipeline/assets/imu_time_inspection/per_participant/Control/georgie__task_segments.csv
Control,hannah,/home/harshit/2024/video_data_processing_pipeline/assets/IMU_data/Control/left_hannah_acc.csv,/home/harshit/2024/video_data_processing_pipeline/assets/imu_time_inspection/per_participant/Control/hannah__timestamp_counts.csv,/home/harshit/2024/video_data_processing_pipeline/assets/imu_time_inspection/per_participant/Control/hannah__task_segments.csv
Control,huaiyu,/home/harshit/2024/video_data_processing_pipeline/assets/IMU_data/Control/left_huaiyu_acc.csv,/home/harshit/2024/video_data_processing_pipeline/assets/imu_time_inspection/per_participant/Control/huaiyu__timestamp_counts.csv,/home/harshit/2024/video_data_processing_pipeline/assets/imu_time_inspection/per_participant/Control/huaiyu__task_segments.csv
Control,jingyu,/home/harshit/2024/video_data_processing_pipeline/assets/IMU_data/Control/left_jingyu_acc.csv,/home/harshit/2024/video_data_processing_pipeline/assets/imu_time_inspection/per_participant/Control/jingyu__timestamp_counts.csv,/home/harshit/2024/video_data_processing_pipeline/assets/imu_time_inspection/per_participant/Control/jingyu__task_segments.csv
Control,jordan,/home/harshit/2024/video_data_processing_pipeline/assets/IMU_data/Control/left_jordan_acc.csv,/home/harshit/2024/video_data_processing_pipeline/assets/imu_time_inspection/per_participant/Control/jordan__timestamp_counts.csv,/home/harshit/2024/video_data_processing_pipeline/assets/imu_time_inspection/per_participant/Control/jordan__task_segments.csv
Control,joshua,/home/harshit/2024/video_data_processing_pipeline/assets/IMU_data/Control/left_joshua_acc.csv,/home/harshit/2024/video_data_processing_pipeline/assets/imu_time_inspection/per_participant/Control/joshua__timestamp_counts.csv,/home/harshit/2024/video_data_processing_pipeline/assets/imu_time_inspection/per_participant/Control/joshua__task_segments.csv
Control,kaite,/home/harshit/2024/video_data_processing_pipeline/assets/IMU_data/Control/left_kaite_acc.csv,/home/harshit/2024/video_data_processing_pipeline/assets/imu_time_inspection/per_participant/Control/kaite__timestamp_counts.csv,/home/harshit/2024/video_data_processing_pipeline/assets/imu_time_inspection/per_participant/Control/kaite__task_segments.csv
Control,kara8,/home/harshit/2024/video_data_processing_pipeline/assets/IMU_data/Control/left_kara8_acc.csv,/home/harshit/2024/video_data_processing_pipeline/assets/imu_time_inspection/per_participant/Control/kara8__timestamp_counts.csv,/home/harshit/2024/video_data_processing_pipeline/assets/imu_time_inspection/per_participant/Control/kara8__task_segments.csv
Control,kirat,/home/harshit/2024/video_data_processing_pipeline/assets/IMU_data/Control/left_kirat_acc.csv,/home/harshit/2024/video_data_processing_pipeline/assets/imu_time_inspection/per_participant/Control/kirat__timestamp_counts.csv,/home/harshit/2024/video_data_processing_pipeline/assets/imu_time_inspection/per_participant/Control/kirat__task_segments.csv
Control,lohith7,/home/harshit/2024/video_data_processing_pipeline/assets/IMU_data/Control/left_lohith7_acc.csv,/home/harshit/2024/video_data_processing_pipeline/assets/imu_time_inspection/per_participant/Control/lohith7__timestamp_counts.csv,/home/harshit/2024/video_data_processing_pipeline/assets/imu_time_inspection/per_participant/Control/lohith7__task_segments.csv
Control,lorn,/home/harshit/2024/video_data_processing_pipeline/assets/IMU_data/Control/left_lorn_acc.csv,/home/harshit/2024/video_data_processing_pipeline/assets/imu_time_inspection/per_participant/Control/lorn__timestamp_counts.csv,/home/harshit/2024/video_data_processing_pipeline/assets/imu_time_inspection/per_participant/Control/lorn__task_segments.csv
Control,lydia7,/home/harshit/2024/video_data_processing_pipeline/assets/IMU_data/Control/left_lydia7_acc.csv,/home/harshit/2024/video_data_processing_pipeline/assets/imu_time_inspection/per_participant/Control/lydia7__timestamp_counts.csv,/home/harshit/2024/video_data_processing_pipeline/assets/imu_time_inspection/per_participant/Control/lydia7__task_segments.csv
Control,missy,/home/harshit/2024/video_data_processing_pipeline/assets/IMU_data/Control/left_missy_acc.csv,/home/harshit/2024/video_data_processing_pipeline/assets/imu_time_inspection/per_participant/Control/missy__timestamp_counts.csv,/home/harshit/2024/video_data_processing_pipeline/assets/imu_time_inspection/per_participant/Control/missy__task_segments.csv
Control,moira2,/home/harshit/2024/video_data_processing_pipeline/assets/IMU_data/Control/left_moira2_acc.csv,/home/harshit/2024/video_data_processing_pipeline/assets/imu_time_inspection/per_participant/Control/moira2__timestamp_counts.csv,/home/harshit/2024/video_data_processing_pipeline/assets/imu_time_inspection/per_participant/Control/moira2__task_segments.csv
Control,ruipeng,/home/harshit/2024/video_data_processing_pipeline/assets/IMU_data/Control/left_ruipeng_acc.csv,/home/harshit/2024/video_data_processing_pipeline/assets/imu_time_inspection/per_participant/Control/ruipeng__timestamp_counts.csv,/home/harshit/2024/video_data_processing_pipeline/assets/imu_time_inspection/per_participant/Control/ruipeng__task_segments.csv
Control,sawin,/home/harshit/2024/video_data_processing_pipeline/assets/IMU_data/Control/left_sawin_acc.csv,/home/harshit/2024/video_data_processing_pipeline/assets/imu_time_inspection/per_participant/Control/sawin__timestamp_counts.csv,/home/harshit/2024/video_data_processing_pipeline/assets/imu_time_inspection/per_participant/Control/sawin__task_segments.csv
Control,shaily5,/home/harshit/2024/video_data_processing_pipeline/assets/IMU_data/Control/left_shaily5_acc.csv,/home/harshit/2024/video_data_processing_pipeline/assets/imu_time_inspection/per_participant/Control/shaily5__timestamp_counts.csv,/home/harshit/2024/video_data_processing_pipeline/assets/imu_time_inspection/per_participant/Control/shaily5__task_segments.csv
Control,shocky,/home/harshit/2024/video_data_processing_pipeline/assets/IMU_data/Control/left_shocky_acc.csv,/home/harshit/2024/video_data_processing_pipeline/assets/imu_time_inspection/per_participant/Control/shocky__timestamp_counts.csv,/home/harshit/2024/video_data_processing_pipeline/assets/imu_time_inspection/per_participant/Control/shocky__task_segments.csv
Control,susan8,/home/harshit/2024/video_data_processing_pipeline/assets/IMU_data/Control/left_susan8_acc.csv,/home/harshit/2024/video_data_processing_pipeline/assets/imu_time_inspection/per_participant/Control/susan8__timestamp_counts.csv,/home/harshit/2024/video_data_processing_pipeline/assets/imu_time_inspection/per_participant/Control/susan8__task_segments.csv
Control,tabitha5,/home/harshit/2024/video_data_processing_pipeline/assets/IMU_data/Control/left_tabitha5_acc.csv,/home/harshit/2024/video_data_processing_pipeline/assets/imu_time_inspection/per_participant/Control/tabitha5__timestamp_counts.csv,/home/harshit/2024/video_data_processing_pipeline/assets/imu_time_inspection/per_participant/Control/tabitha5__task_segments.csv
Control,timothy,/home/harshit/2024/video_data_processing_pipeline/assets/IMU_data/Control/left_timothy_acc.csv,/home/harshit/2024/video_data_processing_pipeline/assets/imu_time_inspection/per_participant/Control/timothy__timestamp_counts.csv,/home/harshit/2024/video_data_processing_pipeline/assets/imu_time_inspection/per_participant/Control/timothy__task_segments.csv
Control,vicki,/home/harshit/2024/video_data_processing_pipeline/assets/IMU_data/Control/left_vicki_acc.csv,/home/harshit/2024/video_data_processing_pipeline/assets/imu_time_inspection/per_participant/Control/vicki__timestamp_counts.csv,/home/harshit/2024/video_data_processing_pipeline/assets/imu_time_inspection/per_participant/Control/vicki__task_segments.csv
Control,xianfei,/home/harshit/2024/video_data_processing_pipeline/assets/IMU_data/Control/left_xianfei_acc.csv,/home/harshit/2024/video_data_processing_pipeline/assets/imu_time_inspection/per_participant/Control/xianfei__timestamp_counts.csv,/home/harshit/2024/video_data_processing_pipeline/assets/imu_time_inspection/per_participant/Control/xianfei__task_segments.csv
Control,yue,/home/harshit/2024/video_data_processing_pipeline/assets/IMU_data/Control/left_yue_acc.csv,/home/harshit/2024/video_data_processing_pipeline/assets/imu_time_inspection/per_participant/Control/yue__timestamp_counts.csv,/home/harshit/2024/video_data_processing_pipeline/assets/imu_time_inspection/per_participant/Control/yue__task_segments.csv
Control,yuhsun,/home/harshit/2024/video_data_processing_pipeline/assets/IMU_data/Control/left_yuhsun_acc.csv,/home/harshit/2024/video_data_processing_pipeline/assets/imu_time_inspection/per_participant/Control/yuhsun__timestamp_counts.csv,/home/harshit/2024/video_data_processing_pipeline/assets/imu_time_inspection/per_participant/Control/yuhsun__task_segments.csv
Control,yuxuan,/home/harshit/2024/video_data_processing_pipeline/assets/IMU_data/Control/left_yuxuan_acc.csv,/home/harshit/2024/video_data_processing_pipeline/assets/imu_time_inspection/per_participant/Control/yuxuan__timestamp_counts.csv,/home/harshit/2024/video_data_processing_pipeline/assets/imu_time_inspection/per_participant/Control/yuxuan__task_segments.csv
OUD,8803,/home/harshit/2024/video_data_processing_pipeline/assets/IMU_data/OUD/left_8803_acc.csv,/home/harshit/2024/video_data_processing_pipeline/assets/imu_time_inspection/per_participant/OUD/8803__timestamp_counts.csv,/home/harshit/2024/video_data_processing_pipeline/assets/imu_time_inspection/per_participant/OUD/8803__task_segments.csv
OUD,8804,/home/harshit/2024/video_data_processing_pipeline/assets/IMU_data/OUD/left_8804_acc.csv,/home/harshit/2024/video_data_processing_pipeline/assets/imu_time_inspection/per_participant/OUD/8804__timestamp_counts.csv,/home/harshit/2024/video_data_processing_pipeline/assets/imu_time_inspection/per_participant/OUD/8804__task_segments.csv
OUD,8814,/home/harshit/2024/video_data_processing_pipeline/assets/IMU_data/OUD/left_8814_acc.csv,/home/harshit/2024/video_data_processing_pipeline/assets/imu_time_inspection/per_participant/OUD/8814__timestamp_counts.csv,/home/harshit/2024/video_data_processing_pipeline/assets/imu_time_inspection/per_participant/OUD/8814__task_segments.csv
OUD,8829,/home/harshit/2024/video_data_processing_pipeline/assets/IMU_data/OUD/left_8829_acc.csv,/home/harshit/2024/video_data_processing_pipeline/assets/imu_time_inspection/per_participant/OUD/8829__timestamp_counts.csv,/home/harshit/2024/video_data_processing_pipeline/assets/imu_time_inspection/per_participant/OUD/8829__task_segments.csv
OUD,8832,/home/harshit/2024/video_data_processing_pipeline/assets/IMU_data/OUD/left_8832_acc.csv,/home/harshit/2024/video_data_processing_pipeline/assets/imu_time_inspection/per_participant/OUD/8832__timestamp_counts.csv,/home/harshit/2024/video_data_processing_pipeline/assets/imu_time_inspection/per_participant/OUD/8832__task_segments.csv
OUD,8840,/home/harshit/2024/video_data_processing_pipeline/assets/IMU_data/OUD/left_8840_acc.csv,/home/harshit/2024/video_data_processing_pipeline/assets/imu_time_inspection/per_participant/OUD/8840__timestamp_counts.csv,/home/harshit/2024/video_data_processing_pipeline/assets/imu_time_inspection/per_participant/OUD/8840__task_segments.csv
OUD,8847,/home/harshit/2024/video_data_processing_pipeline/assets/IMU_data/OUD/left_8847_acc.csv,/home/harshit/2024/video_data_processing_pipeline/assets/imu_time_inspection/per_participant/OUD/8847__timestamp_counts.csv,/home/harshit/2024/video_data_processing_pipeline/assets/imu_time_inspection/per_participant/OUD/8847__task_segments.csv
OUD,8852,/home/harshit/2024/video_data_processing_pipeline/assets/IMU_data/OUD/left_8852_acc.csv,/home/harshit/2024/video_data_processing_pipeline/assets/imu_time_inspection/per_participant/OUD/8852__timestamp_counts.csv,/home/harshit/2024/video_data_processing_pipeline/assets/imu_time_inspection/per_participant/OUD/8852__task_segments.csv
OUD,8876,/home/harshit/2024/video_data_processing_pipeline/assets/IMU_data/OUD/left_8876_acc.csv,/home/harshit/2024/video_data_processing_pipeline/assets/imu_time_inspection/per_participant/OUD/8876__timestamp_counts.csv,/home/harshit/2024/video_data_processing_pipeline/assets/imu_time_inspection/per_participant/OUD/8876__task_segments.csv
OUD,8898,/home/harshit/2024/video_data_processing_pipeline/assets/IMU_data/OUD/left_8898_acc.csv,/home/harshit/2024/video_data_processing_pipeline/assets/imu_time_inspection/per_participant/OUD/8898__timestamp_counts.csv,/home/harshit/2024/video_data_processing_pipeline/assets/imu_time_inspection/per_participant/OUD/8898__task_segments.csv
OUD,9913,/home/harshit/2024/video_data_processing_pipeline/assets/IMU_data/OUD/left_9913_acc.csv,/home/harshit/2024/video_data_processing_pipeline/assets/imu_time_inspection/per_participant/OUD/9913__timestamp_counts.csv,/home/harshit/2024/video_data_processing_pipeline/assets/imu_time_inspection/per_participant/OUD/9913__task_segments.csv
OUD,9915,/home/harshit/2024/video_data_processing_pipeline/assets/IMU_data/OUD/left_9915_acc.csv,/home/harshit/2024/video_data_processing_pipeline/assets/imu_time_inspection/per_participant/OUD/9915__timestamp_counts.csv,/home/harshit/2024/video_data_processing_pipeline/assets/imu_time_inspection/per_participant/OUD/9915__task_segments.csv
OUD,9915v2,/home/harshit/2024/video_data_processing_pipeline/assets/IMU_data/OUD/left_9915v2_acc.csv,/home/harshit/2024/video_data_processing_pipeline/assets/imu_time_inspection/per_participant/OUD/9915v2__timestamp_counts.csv,/home/harshit/2024/video_data_processing_pipeline/assets/imu_time_inspection/per_participant/OUD/9915v2__task_segments.csv
OUD,9925,/home/harshit/2024/video_data_processing_pipeline/assets/IMU_data/OUD/left_9925_acc.csv,/home/harshit/2024/video_data_processing_pipeline/assets/imu_time_inspection/per_participant/OUD/9925__timestamp_counts.csv,/home/harshit/2024/video_data_processing_pipeline/assets/imu_time_inspection/per_participant/OUD/9925__task_segments.csv
OUD,9929,/home/harshit/2024/video_data_processing_pipeline/assets/IMU_data/OUD/left_9929_acc.csv,/home/harshit/2024/video_data_processing_pipeline/assets/imu_time_inspection/per_participant/OUD/9929__timestamp_counts.csv,/home/harshit/2024/video_data_processing_pipeline/assets/imu_time_inspection/per_participant/OUD/9929__task_segments.csv
OUD,9933,/home/harshit/2024/video_data_processing_pipeline/assets/IMU_data/OUD/left_9933_acc.csv,/home/harshit/2024/video_data_processing_pipeline/assets/imu_time_inspection/per_participant/OUD/9933__timestamp_counts.csv,/home/harshit/2024/video_data_processing_pipeline/assets/imu_time_inspection/per_participant/OUD/9933__task_segments.csv
OUD,9933v2,/home/harshit/2024/video_data_processing_pipeline/assets/IMU_data/OUD/left_9933v2_acc.csv,/home/harshit/2024/video_data_processing_pipeline/assets/imu_time_inspection/per_participant/OUD/9933v2__timestamp_counts.csv,/home/harshit/2024/video_data_processing_pipeline/assets/imu_time_inspection/per_participant/OUD/9933v2__task_segments.csv
OUD,9941,/home/harshit/2024/video_data_processing_pipeline/assets/IMU_data/OUD/left_9941_acc.csv,/home/harshit/2024/video_data_processing_pipeline/assets/imu_time_inspection/per_participant/OUD/9941__timestamp_counts.csv,/home/harshit/2024/video_data_processing_pipeline/assets/imu_time_inspection/per_participant/OUD/9941__task_segments.csv
OUD,9945,/home/harshit/2024/video_data_processing_pipeline/assets/IMU_data/OUD/left_9945_acc.csv,/home/harshit/2024/video_data_processing_pipeline/assets/imu_time_inspection/per_participant/OUD/9945__timestamp_counts.csv,/home/harshit/2024/video_data_processing_pipeline/assets/imu_time_inspection/per_participant/OUD/9945__task_segments.csv
OUD,9945v2,/home/harshit/2024/video_data_processing_pipeline/assets/IMU_data/OUD/left_9945v2_acc.csv,/home/harshit/2024/video_data_processing_pipeline/assets/imu_time_inspection/per_participant/OUD/9945v2__timestamp_counts.csv,/home/harshit/2024/video_data_processing_pipeline/assets/imu_time_inspection/per_participant/OUD/9945v2__task_segments.csv
OUD,9948,/home/harshit/2024/video_data_processing_pipeline/assets/IMU_data/OUD/left_9948_acc.csv,/home/harshit/2024/video_data_processing_pipeline/assets/imu_time_inspection/per_participant/OUD/9948__timestamp_counts.csv,/home/harshit/2024/video_data_processing_pipeline/assets/imu_time_inspection/per_participant/OUD/9948__task_segments.csv
OUD,9952,/home/harshit/2024/video_data_processing_pipeline/assets/IMU_data/OUD/left_9952_acc.csv,/home/harshit/2024/video_data_processing_pipeline/assets/imu_time_inspection/per_participant/OUD/9952__timestamp_counts.csv,/home/harshit/2024/video_data_processing_pipeline/assets/imu_time_inspection/per_participant/OUD/9952__task_segments.csv
OUD,9956,/home/harshit/2024/video_data_processing_pipeline/assets/IMU_data/OUD/left_9956_acc.csv,/home/harshit/2024/video_data_processing_pipeline/assets/imu_time_inspection/per_participant/OUD/9956__timestamp_counts.csv,/home/harshit/2024/video_data_processing_pipeline/assets/imu_time_inspection/per_participant/OUD/9956__task_segments.csv
OUD,9967,/home/harshit/2024/video_data_processing_pipeline/assets/IMU_data/OUD/left_9967_acc.csv,/home/harshit/2024/video_data_processing_pipeline/assets/imu_time_inspection/per_participant/OUD/9967__timestamp_counts.csv,/home/harshit/2024/video_data_processing_pipeline/assets/imu_time_inspection/per_participant/OUD/9967__task_segments.csv
OUD,9969,/home/harshit/2024/video_data_processing_pipeline/assets/IMU_data/OUD/left_9969_acc.csv,/home/harshit/2024/video_data_processing_pipeline/assets/imu_time_inspection/per_participant/OUD/9969__timestamp_counts.csv,/home/harshit/2024/video_data_processing_pipeline/assets/imu_time_inspection/per_participant/OUD/9969__task_segments.csv
OUD,9973,/home/harshit/2024/video_data_processing_pipeline/assets/IMU_data/OUD/left_9973_acc.csv,/home/harshit/2024/video_data_processing_pipeline/assets/imu_time_inspection/per_participant/OUD/9973__timestamp_counts.csv,/home/harshit/2024/video_data_processing_pipeline/assets/imu_time_inspection/per_participant/OUD/9973__task_segments.csv
OUD,9973v2,/home/harshit/2024/video_data_processing_pipeline/assets/IMU_data/OUD/left_9973v2_acc.csv,/home/harshit/2024/video_data_processing_pipeline/assets/imu_time_inspection/per_participant/OUD/9973v2__timestamp_counts.csv,/home/harshit/2024/video_data_processing_pipeline/assets/imu_time_inspection/per_participant/OUD/9973v2__task_segments.csv
OUD,9984,/home/harshit/2024/video_data_processing_pipeline/assets/IMU_data/OUD/left_9984_acc.csv,/home/harshit/2024/video_data_processing_pipeline/assets/imu_time_inspection/per_participant/OUD/9984__timestamp_counts.csv,/home/harshit/2024/video_data_processing_pipeline/assets/imu_time_inspection/per_participant/OUD/9984__task_segments.csv
OUD,9991,/home/harshit/2024/video_data_processing_pipeline/assets/IMU_data/OUD/left_9991_acc.csv,/home/harshit/2024/video_data_processing_pipeline/assets/imu_time_inspection/per_participant/OUD/9991__timestamp_counts.csv,/home/harshit/2024/video_data_processing_pipeline/assets/imu_time_inspection/per_participant/OUD/9991__task_segments.csv
